Z,Pressure,Grip Angle,Timestamp,Test ID,X Displacement,Y Displacement,Distance
0,15,1440,1351716,0,0,0,0
0,47,1440,1351725,0,0,0,0
0,68,1440,1351734,0,0,0,0
0,84,1420,1351743,0,0,0,0
0,88,1440,1351752,0,1,0,1
0,97,1430,1351761,0,0,0,0
0,123,1440,1351770,0,0,0,0
0,148,1450,1351779,0,0,1,1
0,175,1430,1351788,0,0,0,0
0,207,1440,1351797,0,0,0,0
0,236,1450,1351806,0,0,0,0
0,272,1450,1351815,0,0,0,0
0,304,1450,1351824,0,0,0,0
0,327,1430,1351833,0,0,0,0
0,355,1430,1351842,0,0,0,0
0,381,1430,1351851,0,0,0,0
0,405,1430,1351860,0,0,0,0
0,429,1440,1351869,0,0,0,0
0,446,1420,1351878,0,0,0,0
0,465,1420,1351887,0,0,0,0
0,482,1420,1351896,0,0,0,0
0,488,1420,1351905,0,0,0,0
0,505,1430,1351914,0,0,0,0
0,517,1430,1351923,0,0,0,0
0,525,1440,1351932,0,0,0,0
0,542,1440,1351941,0,0,0,0
0,553,1440,1351950,0,0,0,0
0,561,1440,1351959,0,0,1,1
0,580,1440,1351968,0,0,0,0
0,590,1440,1351977,0,1,0,1
0,602,1430,1351986,0,0,0,0
0,610,1450,1351995,0,0,0,0
0,611,1440,1352004,0,0,0,0
0,620,1440,1352013,0,0,0,0
0,623,1450,1352022,0,0,0,0
0,620,1440,1352031,0,0,0,0
0,625,1440,1352040,0,0,0,0
0,625,1440,1352049,0,1,0,1
0,620,1440,1352058,0,0,0,0
0,623,1440,1352067,0,0,1,1
0,624,1430,1352076,0,1,0,1
0,623,1450,1352085,0,0,0,0
0,629,1430,1352094,0,0,1,1
0,627,1440,1352103,0,1,0,1
0,629,1430,1352112,0,0,0,0
0,635,1430,1352121,0,0,1,1
0,632,1420,1352130,0,0,0,0
0,638,1420,1352139,0,0,0,0
0,641,1430,1352148,0,1,0,1
0,638,1420,1352157,0,0,1,1
0,640,1420,1352166,0,0,0,0
12,645,1430,1352175,0,0,1,1
12,655,1430,1352184,0,0,0,0
0,651,1430,1352193,0,0,0,0
12,648,1430,1352202,0,0,1,1
0,650,1430,1352211,0,0,0,0
0,654,1420,1352220,0,0,0,0
12,647,1420,1352229,0,0,1,1
0,652,1410,1352238,0,0,0,0
0,655,1420,1352247,0,0,0,0
0,653,1430,1352256,0,0,0,0
0,661,1430,1352265,0,0,1,1
0,664,1430,1352274,0,0,0,0
0,665,1430,1352283,0,0,0,0
0,672,1430,1352292,0,0,1,1
0,671,1430,1352301,0,0,0,0
0,672,1430,1352310,0,0,0,0
0,680,1410,1352319,0,0,0,0
0,672,1420,1352328,0,0,1,1
0,680,1420,1352337,0,0,0,0
0,684,1420,1352346,0,0,0,0
0,682,1420,1352355,0,0,1,1
0,690,1420,1352364,0,0,0,0
0,693,1410,1352373,0,1,0,1
0,695,1420,1352382,0,0,1,1
0,702,1420,1352391,0,0,0,0
0,702,1420,1352400,0,0,0,0
0,705,1440,1352409,0,0,0,0
0,711,1450,1352418,0,1,1,0
0,705,1440,1352427,0,0,0,0
0,711,1450,1352436,0,0,1,1
0,715,1450,1352445,0,1,0,1
0,711,1460,1352454,0,0,0,0
0,716,1450,1352463,0,1,1,0
0,717,1450,1352472,0,0,0,0
0,716,1450,1352481,0,1,0,1
0,723,1450,1352490,0,0,1,1
0,723,1450,1352499,0,1,0,1
0,726,1450,1352508,0,0,0,0
0,732,1450,1352517,0,1,1,0
0,731,1450,1352526,0,1,0,1
0,739,1450,1352535,0,0,0,0
0,745,1430,1352544,0,1,0,1
0,742,1420,1352553,0,1,1,0
0,747,1440,1352562,0,1,0,1
0,749,1460,1352571,0,1,0,1
0,748,1460,1352580,0,1,0,1
0,752,1490,1352589,0,1,0,1
0,750,1480,1352598,0,0,0,0
0,753,1500,1352607,0,1,1,0
0,757,1500,1352616,0,1,0,1
0,753,1500,1352625,0,1,0,1
0,759,1530,1352634,0,1,0,1
0,761,1540,1352643,0,1,0,1
0,756,1570,1352652,0,1,0,1
0,759,1570,1352661,0,0,0,0
0,759,1590,1352670,0,1,0,1
0,757,1590,1352679,0,1,0,1
0,761,1580,1352688,0,0,0,0
0,759,1580,1352697,0,1,0,1
0,760,1580,1352706,0,1,1,0
0,763,1580,1352715,0,0,0,0
0,760,1580,1352724,0,1,0,1
0,765,1590,1352733,0,1,0,1
0,770,1590,1352742,0,0,0,0
0,762,1590,1352751,0,1,0,1
0,769,1570,1352760,0,0,0,0
0,772,1570,1352769,0,1,0,1
0,769,1580,1352778,0,0,0,0
0,776,1570,1352787,0,1,0,1
0,776,1580,1352796,0,1,0,1
0,775,1580,1352806,0,0,0,0
0,781,1570,1352815,0,1,0,1
0,779,1570,1352824,0,0,0,0
0,783,1570,1352833,0,1,1,0
0,789,1570,1352842,0,1,0,1
0,782,1570,1352851,0,1,0,1
0,788,1570,1352860,0,0,0,0
0,792,1570,1352869,0,1,1,0
0,786,1570,1352878,0,1,0,1
0,792,1570,1352887,0,0,0,0
0,785,1570,1352896,0,1,0,1
0,792,1570,1352905,0,1,1,0
0,800,1570,1352914,0,0,0,0
0,799,1580,1352923,0,0,0,0
0,801,1590,1352932,0,1,0,1
0,809,1590,1352941,0,0,0,0
0,802,1570,1352950,0,1,1,0
0,807,1570,1352959,0,1,0,1
0,812,1580,1352968,0,0,1,1
0,808,1580,1352977,0,1,0,1
0,812,1580,1352986,0,1,0,1
0,812,1570,1352995,0,0,1,1
0,813,1570,1353004,0,1,0,1
0,818,1570,1353013,0,0,1,1
0,821,1570,1353022,0,1,0,1
0,825,1560,1353031,0,0,1,1
0,833,1560,1353040,0,1,0,1
0,827,1560,1353049,0,0,0,0
0,835,1570,1353058,0,0,1,1
0,841,1570,1353067,0,1,0,1
0,834,1570,1353076,0,0,1,1
12,839,1570,1353085,0,1,0,1
0,839,1570,1353094,0,0,1,1
0,837,1580,1353103,0,1,0,1
12,843,1580,1353112,0,1,1,0
0,842,1590,1353121,0,0,0,0
0,842,1570,1353130,0,1,1,0
12,849,1590,1353139,0,0,1,1
0,845,1600,1353148,0,1,0,1
0,854,1600,1353157,0,0,1,1
0,840,1600,1353166,0,0,1,1
0,872,1590,1353175,0,1,1,0
0,880,1580,1353184,0,0,0,0
0,882,1580,1353193,0,1,1,0
0,884,1580,1353202,0,0,1,1
0,887,1590,1353211,0,0,1,1
0,891,1580,1353220,0,1,1,0
0,892,1590,1353229,0,0,0,0
0,897,1590,1353238,0,0,1,1
0,896,1590,1353247,0,1,1,0
0,903,1590,1353256,0,0,1,1
0,908,1590,1353265,0,0,1,1
0,901,1590,1353274,0,0,1,1
0,909,1570,1353283,0,0,0,0
0,913,1570,1353292,0,0,1,1
0,906,1580,1353301,0,0,1,1
0,914,1580,1353310,0,1,1,0
0,913,1590,1353319,0,0,1,1
0,912,1600,1353328,0,0,0,0
0,917,1600,1353337,0,0,1,1
0,913,1600,1353346,0,0,1,1
0,916,1600,1353355,0,0,1,1
0,922,1610,1353364,0,0,1,1
0,914,1600,1353373,0,0,1,1
0,920,1610,1353382,0,1,1,0
0,922,1610,1353391,0,0,0,0
0,920,1610,1353400,0,0,1,1
0,924,1610,1353409,0,0,1,1
0,921,1610,1353418,0,0,1,1
0,919,1620,1353427,0,0,1,1
0,924,1610,1353436,0,0,1,1
0,920,1610,1353445,0,0,1,1
0,924,1610,1353454,0,0,0,0
0,932,1610,1353463,0,0,1,1
0,924,1610,1353472,0,0,1,1
0,929,1600,1353481,0,1,1,0
0,932,1600,1353490,0,0,1,1
0,926,1610,1353499,0,0,1,1
0,936,1610,1353508,0,0,0,0
0,932,1610,1353517,0,1,1,0
0,932,1620,1353526,0,0,1,1
0,937,1620,1353535,0,0,1,1
0,936,1620,1353544,0,0,1,1
0,938,1620,1353553,0,0,0,0
0,939,1620,1353562,0,1,1,0
0,933,1620,1353571,0,0,1,1
0,940,1620,1353580,0,0,1,1
0,944,1620,1353589,0,1,0,1
0,937,1620,1353598,0,0,1,1
0,941,1620,1353607,0,0,1,1
0,941,1620,1353616,0,0,1,1
0,941,1610,1353625,0,1,0,1
0,945,1610,1353634,0,0,1,1
0,942,1610,1353643,0,0,1,1
0,945,1620,1353652,0,1,1,0
0,947,1620,1353661,0,0,0,0
0,941,1630,1353670,0,1,1,0
0,947,1630,1353679,0,0,1,1
0,950,1640,1353688,0,1,0,1
0,943,1650,1353697,0,0,1,1
0,948,1650,1353706,0,1,1,0
0,948,1660,1353715,0,0,0,0
0,942,1660,1353724,0,1,1,0
12,950,1650,1353733,0,0,1,1
0,949,1640,1353742,0,1,0,1
0,951,1620,1353751,0,0,1,1
0,953,1600,1353760,0,1,0,1
0,944,1590,1353769,0,0,1,1
0,950,1590,1353778,0,1,0,1
0,957,1600,1353787,0,1,1,0
0,947,1590,1353796,0,0,0,0
0,953,1590,1353805,0,1,0,1
0,953,1590,1353814,0,1,1,0
0,948,1600,1353823,0,0,0,0
0,954,1600,1353832,0,1,0,1
0,950,1590,1353841,0,1,1,0
0,953,1590,1353850,0,0,0,0
0,954,1590,1353859,0,1,0,1
0,946,1600,1353868,0,1,1,0
0,950,1600,1353877,0,0,0,0
0,954,1600,1353886,0,1,0,1
0,947,1610,1353895,0,1,1,0
0,951,1600,1353904,0,1,0,1
0,952,1600,1353913,0,1,0,1
0,947,1620,1353922,0,1,0,1
0,953,1610,1353931,0,1,1,0
0,950,1630,1353940,0,0,0,0
0,947,1630,1353949,0,1,0,1
0,952,1630,1353958,0,1,0,1
0,948,1630,1353967,0,1,0,1
0,950,1620,1353976,0,1,1,0
0,953,1620,1353985,0,1,0,1
0,947,1620,1353994,0,1,0,1
0,949,1620,1354003,0,0,0,0
0,951,1610,1354012,0,1,0,1
0,947,1610,1354021,0,1,1,0
0,952,1590,1354030,0,1,0,1
0,950,1610,1354039,0,0,0,0
0,948,1600,1354048,0,1,0,1
0,951,1590,1354057,0,1,0,1
0,947,1590,1354066,0,0,0,0
0,950,1590,1354075,0,1,1,0
0,955,1580,1354085,0,1,0,1
0,945,1590,1354094,0,1,0,1
0,950,1570,1354103,0,1,0,1
0,953,1570,1354112,0,1,1,0
0,943,1570,1354121,0,2,0,1
0,951,1570,1354130,0,1,0,1
0,947,1570,1354139,0,2,1,1
0,947,1580,1354148,0,1,0,1
0,952,1570,1354157,0,2,0,1
0,949,1590,1354166,0,1,0,1
0,946,1580,1354175,0,1,0,1
0,957,1580,1354184,0,2,0,1
0,945,1580,1354193,0,1,0,1
0,951,1580,1354202,0,1,0,1
0,955,1570,1354211,0,1,0,1
0,947,1560,1354220,0,1,0,1
0,953,1560,1354229,0,1,0,1
0,950,1560,1354238,0,1,0,1
0,950,1560,1354247,0,1,0,1
0,953,1560,1354256,0,1,0,1
0,951,1560,1354265,0,1,0,1
0,951,1550,1354274,0,2,0,1
0,953,1550,1354283,0,1,0,1
0,947,1550,1354292,0,2,0,1
0,951,1540,1354301,0,1,0,1
0,955,1520,1354310,0,2,1,1
0,948,1510,1354319,0,1,0,1
0,951,1510,1354328,0,1,0,1
0,952,1510,1354337,0,1,1,0
0,950,1510,1354346,0,2,0,1
0,954,1510,1354355,0,0,0,0
0,952,1510,1354364,0,1,0,1
0,950,1510,1354373,0,1,0,1
0,954,1490,1354382,0,1,0,1
0,948,1490,1354391,0,1,1,0
0,951,1480,1354400,0,1,0,1
0,954,1470,1354409,0,1,0,1
0,947,1470,1354418,0,1,0,1
0,952,1480,1354427,0,1,1,0
0,953,1460,1354436,0,1,0,1
0,949,1460,1354445,0,1,0,1
0,953,1450,1354454,0,0,1,1
0,951,1440,1354463,0,1,0,1
0,950,1420,1354472,0,1,0,1
0,953,1420,1354481,0,1,1,0
0,948,1400,1354490,0,0,0,0
0,953,1400,1354499,0,1,0,1
0,953,1390,1354508,0,1,0,1
0,947,1370,1354517,0,1,1,0
0,950,1360,1354526,0,1,0,1
0,953,1360,1354535,0,1,1,0
0,950,1340,1354544,0,1,0,1
0,954,1350,1354553,0,1,0,1
0,950,1350,1354562,0,2,1,1
0,950,1350,1354571,0,1,0,1
0,953,1360,1354580,0,1,1,0
0,948,1350,1354589,0,1,0,1
0,951,1340,1354598,0,1,1,0
0,957,1330,1354607,0,1,0,1
0,947,1320,1354616,0,1,1,0
0,951,1320,1354625,0,1,0,1
0,952,1300,1354634,0,1,1,0
0,947,1320,1354643,0,1,0,1
0,953,1350,1354652,0,1,1,0
0,948,1360,1354661,0,1,0,1
0,947,1380,1354670,0,0,1,1
0,952,1380,1354679,0,1,0,1
0,947,1370,1354688,0,1,1,0
0,948,1370,1354697,0,1,1,0
0,952,1360,1354706,0,1,0,1
0,944,1350,1354715,0,1,1,0
0,951,1340,1354724,0,0,0,0
0,954,1340,1354733,0,1,1,0
0,949,1340,1354742,0,1,0,1
0,952,1340,1354751,0,0,1,1
0,950,1360,1354760,0,1,0,1
0,949,1350,1354769,0,0,1,1
0,950,1350,1354778,0,1,0,1
0,950,1350,1354787,0,0,1,1
0,950,1350,1354796,0,1,0,1
0,954,1360,1354805,0,0,1,1
0,943,1360,1354814,0,1,1,0
0,949,1350,1354823,0,0,0,0
0,954,1350,1354832,0,1,1,0
0,947,1350,1354841,0,0,1,1
0,950,1340,1354850,0,1,0,1
0,950,1340,1354859,0,0,1,1
0,949,1360,1354868,0,1,1,0
0,953,1350,1354877,0,0,1,1
0,950,1360,1354886,0,1,1,0
0,950,1360,1354895,0,1,1,0
0,953,1370,1354904,0,0,1,1
0,947,1380,1354913,0,1,1,0
0,953,1400,1354922,0,0,2,2
0,953,1400,1354931,0,0,1,1
0,947,1410,1354940,0,1,0,1
0,954,1410,1354949,0,0,1,1
0,950,1400,1354958,0,1,1,0
0,945,1410,1354967,0,0,1,1
0,952,1400,1354976,0,0,1,1
0,951,1400,1354985,0,1,1,0
0,950,1400,1354994,0,0,1,1
0,951,1400,1355003,0,1,1,0
0,949,1410,1355012,0,0,1,1
0,951,1420,1355021,0,0,1,1
0,953,1420,1355030,0,0,2,2
0,946,1420,1355039,0,0,1,1
0,950,1420,1355048,0,0,1,1
0,952,1440,1355057,0,1,1,0
0,947,1440,1355066,0,0,1,1
0,953,1450,1355075,0,0,2,2
0,948,1450,1355084,0,0,1,1
0,947,1460,1355093,0,0,1,1
0,951,1460,1355102,0,0,2,2
0,946,1470,1355111,0,1,1,0
0,950,1480,1355120,0,0,2,2
0,952,1480,1355129,0,0,1,1
0,944,1470,1355138,0,0,1,1
12,947,1430,1355147,0,0,2,2
0,948,1390,1355156,0,0,1,1
0,932,1390,1355165,0,0,1,1
0,935,1370,1355174,0,0,1,1
0,931,1400,1355183,0,0,1,1
0,932,1430,1355192,0,0,1,1
0,933,1430,1355201,0,0,2,2
0,930,1450,1355210,0,0,1,1
0,932,1450,1355219,0,0,1,1
0,938,1450,1355228,0,1,1,0
0,928,1440,1355237,0,0,1,1
0,934,1430,1355246,0,0,2,2
0,937,1440,1355255,0,0,1,1
0,932,1450,1355264,0,1,1,0
0,935,1450,1355273,0,0,2,2
0,934,1450,1355282,0,1,1,0
0,931,1460,1355291,0,0,2,2
0,936,1450,1355300,0,0,1,1
0,938,1450,1355309,0,1,2,2
0,935,1450,1355318,0,0,1,1
0,940,1450,1355327,0,1,1,0
0,931,1450,1355336,0,0,2,2
0,936,1430,1355345,0,1,1,0
0,940,1440,1355354,0,0,2,2
0,932,1430,1355363,0,1,1,0
0,938,1430,1355373,0,1,1,0
0,936,1430,1355382,0,0,2,2
0,935,1420,1355391,0,1,1,0
0,938,1420,1355400,0,0,1,1
0,937,1410,1355409,0,1,2,2
0,938,1400,1355418,0,0,1,1
0,941,1390,1355427,0,0,1,1
0,935,1380,1355436,0,1,1,0
0,939,1380,1355445,0,0,1,1
0,941,1390,1355454,0,1,1,0
0,935,1390,1355463,0,0,1,1
0,941,1390,1355472,0,1,1,0
0,940,1370,1355481,0,0,1,1
0,938,1330,1355490,0,1,1,0
0,944,1320,1355499,0,0,1,1
0,938,1280,1355508,0,1,1,0
0,939,1260,1355517,0,0,1,1
0,941,1250,1355526,0,1,1,0
0,936,1240,1355535,0,1,1,0
0,941,1230,1355544,0,0,0,0
0,944,1240,1355553,0,1,1,0
0,939,1250,1355562,0,1,1,0
0,944,1260,1355571,0,1,0,1
0,946,1270,1355580,0,1,1,0
0,944,1270,1355589,0,1,0,1
0,947,1270,1355598,0,1,1,0
0,943,1280,1355607,0,1,1,0
0,944,1280,1355616,0,1,0,1
0,947,1290,1355625,0,1,1,0
0,944,1290,1355634,0,1,1,0
0,944,1300,1355643,0,1,0,1
0,950,1300,1355652,0,1,1,0
0,943,1300,1355661,0,1,0,1
0,949,1310,1355670,0,1,1,0
0,949,1300,1355679,0,2,0,1
0,945,1310,1355688,0,1,0,1
0,950,1300,1355697,0,1,1,0
0,947,1310,1355706,0,2,0,1
0,950,1320,1355715,0,1,0,1
0,952,1320,1355724,0,2,0,1
0,948,1320,1355733,0,1,1,0
0,950,1330,1355742,0,1,0,1
0,957,1330,1355751,0,2,0,1
0,947,1340,1355760,0,1,0,1
0,952,1340,1355769,0,1,1,0
0,957,1360,1355778,0,1,0,1
0,951,1360,1355787,0,1,0,1
0,955,1360,1355796,0,1,1,0
0,951,1350,1355805,0,1,0,1
0,950,1360,1355814,0,1,0,1
0,954,1350,1355823,0,1,1,0
0,953,1370,1355832,0,1,0,1
0,951,1370,1355841,0,1,0,1
0,958,1380,1355850,0,1,1,0
0,950,1380,1355859,0,1,0,1
0,957,1390,1355868,0,0,0,0
0,958,1390,1355877,0,1,1,0
0,953,1410,1355886,0,1,0,1
0,957,1410,1355895,0,0,0,0
0,957,1400,1355904,0,1,0,1
0,954,1410,1355913,0,1,1,0
0,957,1410,1355922,0,1,0,1
0,955,1400,1355931,0,1,0,1
0,958,1420,1355940,0,1,1,0
0,962,1420,1355949,0,1,0,1
0,955,1420,1355958,0,1,0,1
0,961,1420,1355967,0,1,0,1
0,964,1420,1355976,0,1,1,0
0,959,1420,1355985,0,0,0,0
0,964,1430,1355994,0,1,0,1
0,966,1430,1356003,0,1,0,1
0,965,1430,1356012,0,1,0,1
0,970,1430,1356021,0,2,0,1
0,967,1420,1356030,0,1,1,0
0,968,1430,1356039,0,1,0,1
0,970,1440,1356048,0,1,0,1
0,965,1440,1356057,0,1,0,1
0,968,1450,1356066,0,1,0,1
0,973,1450,1356075,0,1,0,1
0,966,1450,1356084,0,1,1,0
0,973,1460,1356093,0,1,0,1
0,974,1460,1356102,0,1,0,1
0,972,1450,1356111,0,1,0,1
0,977,1460,1356120,0,1,0,1
0,976,1460,1356129,0,1,0,1
0,976,1460,1356138,0,1,0,1
0,980,1480,1356147,0,1,0,1
0,975,1460,1356156,0,2,0,1
0,981,1460,1356165,0,1,0,1
0,985,1460,1356174,0,1,1,0
0,980,1450,1356183,0,1,0,1
0,983,1470,1356192,0,1,0,1
0,983,1480,1356201,0,1,0,1
0,980,1500,1356210,0,1,0,1
0,986,1520,1356219,0,1,0,1
0,983,1520,1356228,0,1,0,1
0,983,1520,1356237,0,1,0,1
0,985,1520,1356246,0,1,0,1
0,984,1520,1356255,0,2,1,1
0,986,1520,1356264,0,0,0,0
0,987,1520,1356273,0,2,0,1
0,982,1530,1356282,0,1,0,1
0,986,1540,1356291,0,1,0,1
0,990,1540,1356300,0,1,1,0
0,984,1530,1356309,0,1,0,1
0,990,1530,1356318,0,1,0,1
0,990,1530,1356327,0,1,1,0
0,988,1530,1356336,0,1,0,1
0,992,1530,1356345,0,2,0,1
0,990,1530,1356354,0,1,1,0
0,994,1510,1356363,0,1,0,1
0,995,1530,1356372,0,2,1,1
0,988,1530,1356381,0,1,0,1
0,992,1530,1356390,0,2,1,1
0,996,1550,1356399,0,1,0,1
0,991,1530,1356408,0,1,1,0
0,994,1540,1356417,0,2,0,1
0,993,1530,1356426,0,1,1,0
0,990,1540,1356435,0,1,0,1
0,994,1540,1356444,0,2,1,1
0,992,1560,1356453,0,1,0,1
0,991,1560,1356462,0,1,1,0
0,998,1560,1356471,0,2,1,1
0,986,1550,1356480,0,1,0,1
0,994,1550,1356489,0,1,1,0
0,996,1550,1356498,0,2,0,1
0,992,1550,1356507,0,1,1,0
0,996,1550,1356516,0,1,0,1
0,994,1550,1356525,0,2,1,1
0,995,1580,1356534,0,1,0,1
0,999,1580,1356543,0,1,1,0
0,994,1580,1356552,0,2,0,1
0,998,1590,1356561,0,1,1,0
0,999,1600,1356570,0,2,0,1
0,992,1600,1356579,0,1,1,0
0,995,1600,1356588,0,1,0,1
0,999,1600,1356597,0,1,1,0
0,994,1600,1356606,0,1,0,1
0,999,1610,1356615,0,1,1,0
0,997,1610,1356624,0,1,0,1
0,996,1610,1356633,0,2,1,1
0,999,1610,1356642,0,1,0,1
0,997,1610,1356651,0,1,1,0
0,999,1610,1356661,0,1,1,0
0,1001,1610,1356670,0,1,0,1
0,993,1610,1356679,0,1,1,0
0,998,1630,1356688,0,1,1,0
0,1004,1630,1356697,0,1,0,1
0,999,1630,1356706,0,1,1,0
0,1001,1630,1356715,0,1,1,0
0,1004,1630,1356724,0,0,1,1
0,1001,1640,1356733,0,1,1,0
0,1005,1640,1356742,0,1,1,0
0,1003,1640,1356751,0,1,1,0
0,1005,1640,1356760,0,2,1,1
0,1004,1640,1356769,0,1,2,2
0,1001,1640,1356778,0,1,1,0
0,1004,1640,1356787,0,1,1,0
0,1006,1640,1356796,0,1,1,0
0,1000,1640,1356805,0,1,1,0
0,1004,1640,1356814,0,1,1,0
0,1006,1650,1356823,0,1,1,0
0,1001,1650,1356832,0,1,2,2
0,1007,1650,1356841,0,0,1,1
0,1005,1670,1356850,0,1,1,0
0,1002,1670,1356859,0,2,2,2
0,1005,1680,1356868,0,1,1,0
0,1000,1680,1356877,0,1,2,2
0,1002,1690,1356886,0,2,2,2
0,1005,1690,1356895,0,1,2,2
0,997,1690,1356904,0,1,1,0
0,1004,1690,1356913,0,1,2,2
0,1005,1680,1356922,0,1,1,0
0,998,1680,1356931,0,0,2,2
0,1004,1690,1356940,0,1,1,0
0,1001,1690,1356949,0,1,2,2
0,1001,1690,1356958,0,1,2,2
0,1001,1690,1356967,0,2,2,2
0,996,1680,1356976,0,1,2,2
12,999,1680,1356985,0,2,2,2
0,1003,1680,1356994,0,1,1,0
0,995,1680,1357003,0,1,2,2
0,998,1690,1357012,0,1,2,2
0,974,1690,1357021,0,1,2,2
0,1012,1710,1357030,0,1,2,2
0,1016,1710,1357039,0,0,1,1
0,1016,1710,1357048,0,1,2,2
0,1016,1720,1357057,0,0,2,2
0,1019,1720,1357066,0,1,2,2
0,1016,1730,1357075,0,1,2,2
0,1016,1730,1357084,0,1,2,2
0,1023,1740,1357093,0,1,2,2
0,1013,1740,1357102,0,1,3,2
0,1018,1740,1357111,0,1,2,2
0,1023,1740,1357120,0,0,2,2
0,1015,1740,1357129,0,1,2,2
0,1018,1740,1357138,0,0,3,2
0,1019,1740,1357147,0,0,2,2
0,1015,1730,1357156,0,0,2,2
0,1019,1720,1357165,0,0,2,2
0,1016,1730,1357174,0,0,2,2
0,1018,1730,1357183,0,1,2,2
0,1019,1730,1357192,0,0,2,2
0,1011,1730,1357201,0,1,2,2
0,1015,1730,1357210,0,0,3,2
0,1016,1730,1357219,0,1,2,2
0,1009,1740,1357228,0,1,2,2
0,1013,1740,1357237,0,1,2,2
0,1014,1730,1357246,0,1,2,2
0,1010,1730,1357255,0,1,3,2
0,1015,1720,1357264,0,1,2,2
0,1012,1720,1357273,0,1,2,2
0,1009,1710,1357282,0,2,2,2
0,1009,1700,1357291,0,1,2,2
0,1005,1700,1357300,0,2,2,2
0,1005,1710,1357309,0,2,1,1
0,1008,1710,1357318,0,2,2,2
0,1003,1710,1357327,0,2,1,1
0,1007,1710,1357336,0,2,2,2
0,1008,1720,1357345,0,1,1,0
0,1003,1720,1357354,0,2,1,1
0,1008,1730,1357363,0,2,2,2
0,1007,1730,1357372,0,2,1,1
0,1005,1720,1357381,0,1,1,0
0,1009,1720,1357390,0,2,2,2
0,1001,1710,1357399,0,1,1,0
0,1007,1720,1357408,0,2,1,1
0,1010,1720,1357417,0,2,2,2
0,1002,1720,1357426,0,2,1,1
0,1007,1720,1357435,0,1,1,0
0,1008,1720,1357444,0,2,1,1
0,1004,1730,1357453,0,2,1,1
0,1008,1730,1357462,0,2,1,1
0,1007,1730,1357471,0,1,1,0
0,1007,1730,1357480,0,1,1,0
0,1010,1740,1357489,0,2,1,1
0,1007,1750,1357498,0,1,1,0
0,1010,1730,1357507,0,2,1,1
0,1013,1720,1357516,0,1,1,0
0,1004,1690,1357525,0,2,1,1
0,1008,1660,1357534,0,2,1,1
0,1013,1640,1357543,0,2,2,2
0,1005,1650,1357552,0,1,1,0
0,1009,1650,1357561,0,3,1,1
0,1007,1660,1357570,0,1,1,0
0,1005,1680,1357579,0,2,1,1
0,1010,1680,1357588,0,2,1,1
0,1007,1680,1357597,0,2,1,1
0,1007,1690,1357606,0,2,2,2
0,1013,1690,1357615,0,1,1,0
0,1001,1690,1357624,0,2,1,1
0,1005,1690,1357633,0,1,1,0
0,1009,1690,1357642,0,1,1,0
0,1003,1690,1357651,0,2,1,1
0,1007,1690,1357660,0,1,1,0
0,1004,1680,1357669,0,2,1,1
0,1001,1680,1357678,0,1,0,1
0,1005,1680,1357687,0,2,1,1
0,1003,1680,1357696,0,2,1,1
0,1003,1680,1357705,0,1,0,1
0,1008,1690,1357714,0,2,1,1
0,998,1690,1357723,0,2,1,1
0,1002,1690,1357732,0,2,1,1
0,1004,1700,1357741,0,2,0,1
0,998,1700,1357750,0,2,1,1
0,1000,1700,1357759,0,2,0,1
0,999,1690,1357768,0,2,0,1
0,995,1670,1357777,0,3,0,1
0,999,1650,1357786,0,2,1,1
0,998,1620,1357795,0,3,0,1
0,994,1620,1357804,0,3,0,1
0,999,1630,1357813,0,4,0,2
0,993,1640,1357822,0,3,0,1
0,996,1630,1357831,0,3,0,1
0,998,1620,1357840,0,2,0,1
0,993,1600,1357849,0,3,0,1
0,998,1560,1357858,0,2,1,1
0,998,1550,1357867,0,2,0,1
0,994,1530,1357876,0,3,0,1
0,999,1500,1357885,0,2,0,1
0,995,1510,1357894,0,3,0,1
0,994,1500,1357903,0,2,0,1
0,998,1480,1357912,0,3,0,1
0,993,1490,1357921,0,2,0,1
0,995,1470,1357930,0,3,0,1
0,998,1470,1357939,0,2,0,1
0,991,1470,1357949,0,3,1,1
0,996,1440,1357958,0,2,0,1
0,997,1420,1357967,0,2,0,1
0,992,1400,1357976,0,2,0,1
0,998,1380,1357985,0,2,1,1
0,993,1440,1357994,0,2,0,1
0,992,1480,1358003,0,2,0,1
0,998,1530,1358012,0,2,0,1
0,993,1570,1358021,0,2,0,1
0,995,1570,1358030,0,2,0,1
0,998,1580,1358039,0,2,1,1
0,990,1570,1358048,0,2,0,1
0,992,1580,1358057,0,2,1,1
0,998,1570,1358066,0,2,0,1
0,990,1570,1358075,0,3,1,1
0,996,1550,1358084,0,2,0,1
0,994,1560,1358093,0,2,1,1
0,993,1570,1358102,0,3,1,1
0,995,1550,1358111,0,2,1,1
0,997,1560,1358120,0,2,1,1
0,994,1580,1358129,0,3,0,1
0,1000,1580,1358138,0,2,1,1
0,992,1580,1358147,0,2,1,1
0,996,1600,1358156,0,2,1,1
0,999,1590,1358165,0,3,1,1
0,995,1600,1358174,0,2,1,1
0,998,1610,1358183,0,3,1,1
0,997,1620,1358192,0,2,1,1
0,994,1650,1358201,0,3,1,1
0,1000,1680,1358210,0,2,1,1
0,998,1700,1358219,0,3,1,1
0,999,1700,1358228,0,2,2,2
0,1002,1710,1358237,0,2,1,1
0,996,1610,1358246,0,2,1,1
0,999,1530,1358255,0,2,2,2
0,1003,1480,1358264,0,3,1,1
0,998,1420,1358273,0,2,2,2
0,1002,1440,1358282,0,2,1,1
0,1003,1460,1358291,0,1,1,0
0,1000,1460,1358300,0,1,1,0
0,1004,1460,1358309,0,1,1,0
0,1002,1450,1358318,0,0,1,1
0,1002,1430,1358327,0,1,1,0
0,1006,1410,1358336,0,1,1,0
0,1001,1400,1358345,0,1,1,0
0,1004,1390,1358354,0,1,2,2
0,1007,1370,1358363,0,1,2,2
0,1002,1360,1358372,0,1,2,2
0,1005,1310,1358381,0,2,1,1
0,1006,1310,1358390,0,1,3,2
0,1003,1290,1358399,0,2,2,2
0,1007,1290,1358408,0,1,2,2
0,1004,1290,1358417,0,1,2,2
0,1003,1260,1358426,0,2,2,2
0,1007,1230,1358435,0,1,2,2
0,1003,1220,1358444,0,1,3,2
0,1007,1200,1358453,0,1,2,2
0,1008,1190,1358462,0,1,2,2
0,1004,1180,1358471,0,2,3,2
0,1006,1200,1358480,0,1,2,2
0,1007,1230,1358489,0,2,2,2
0,1004,1280,1358498,0,1,2,2
0,1008,1330,1358507,0,1,2,2
0,1005,1370,1358516,0,1,1,0
0,1003,1380,1358525,0,0,2,2
0,1007,1390,1358534,0,1,2,2
0,1003,1380,1358543,0,1,2,2
0,1002,1380,1358552,0,0,2,2
0,1006,1360,1358561,0,0,2,2
0,1001,1350,1358570,0,1,2,2
0,1006,1350,1358579,0,0,3,2
0,1004,1320,1358588,0,1,2,2
0,1002,1320,1358597,0,1,3,2
0,1007,1310,1358606,0,1,2,2
0,1005,1320,1358615,0,0,3,2
0,1001,1310,1358624,0,0,2,2
0,1005,1290,1358633,0,1,3,2
0,998,1300,1358642,0,1,2,2
0,999,1300,1358651,0,0,2,2
0,1004,1300,1358660,0,1,3,2
12,995,1300,1358669,0,0,2,2
12,1001,1280,1358678,0,1,2,2
0,1001,1300,1358687,0,0,3,2
12,982,1330,1358696,0,0,2,2
0,984,1380,1358705,0,0,2,2
0,980,1410,1358714,0,0,3,2
0,980,1400,1358723,0,0,2,2
0,986,1400,1358732,0,0,2,2
0,983,1400,1358741,0,0,3,2
0,983,1400,1358750,0,0,2,2
0,986,1390,1358759,0,0,3,2
0,977,1390,1358768,0,0,2,2
0,980,1370,1358777,0,0,3,2
0,987,1380,1358786,0,1,2,2
0,980,1380,1358795,0,0,3,2
0,981,1380,1358804,0,1,3,2
0,980,1410,1358813,0,0,2,2
0,977,1420,1358822,0,1,3,2
0,981,1430,1358831,0,1,3,2
0,981,1410,1358840,0,0,2,2
0,980,1360,1358849,0,1,3,2
0,983,1320,1358858,0,1,3,2
0,978,1270,1358867,0,1,2,2
0,980,1260,1358876,0,0,3,2
0,984,1280,1358885,0,1,2,2
0,977,1290,1358894,0,1,2,2
0,981,1310,1358903,0,2,2,2
0,981,1320,1358912,0,1,2,2
0,978,1310,1358921,0,2,2,2
0,983,1300,1358930,0,2,2,2
0,980,1260,1358939,0,1,3,2
0,981,1240,1358948,0,2,2,2
0,983,1250,1358957,0,2,2,2
0,978,1270,1358966,0,2,2,2
0,981,1310,1358975,0,2,3,2
0,985,1350,1358984,0,1,2,2
0,978,1330,1358993,0,2,2,2
0,982,1320,1359002,0,2,2,2
0,984,1300,1359011,0,1,2,2
0,982,1280,1359020,0,1,2,2
0,984,1280,1359029,0,1,2,2
0,983,1280,1359038,0,1,2,2
0,983,1270,1359047,0,1,2,2
0,986,1270,1359056,0,1,2,2
0,980,1280,1359065,0,1,2,2
0,976,1260,1359074,0,1,2,2
0,990,1260,1359083,0,2,2,2
0,985,1250,1359092,0,1,1,0
0,986,1240,1359101,0,1,2,2
0,987,1230,1359110,0,2,1,1
0,982,1230,1359119,0,1,1,0
0,987,1230,1359128,0,2,2,2
0,987,1210,1359137,0,1,1,0
0,984,1190,1359146,0,2,2,2
0,990,1180,1359155,0,1,1,0
0,986,1150,1359164,0,2,1,1
0,988,1180,1359173,0,2,2,2
0,993,1210,1359182,0,1,1,0
0,985,1230,1359191,0,2,2,2
0,990,1270,1359200,0,2,1,1
0,992,1260,1359209,0,2,1,1
0,988,1260,1359218,0,2,1,1
0,992,1250,1359227,0,2,2,2
0,994,1240,1359237,0,2,1,1
0,995,1230,1359246,0,2,1,1
0,995,1230,1359255,0,2,0,1
0,994,1220,1359264,0,2,1,1
0,995,1230,1359273,0,2,1,1
0,998,1230,1359282,0,1,0,1
0,992,1250,1359291,0,2,1,1
0,998,1240,1359300,0,2,1,1
0,1000,1250,1359309,0,3,0,1
0,995,1260,1359318,0,2,0,1
0,1001,1270,1359327,0,3,1,1
0,997,1290,1359336,0,3,0,1
0,999,1300,1359345,0,2,0,1
0,999,1300,1359354,0,3,1,1
0,999,1330,1359363,0,3,0,1
0,1000,1340,1359372,0,3,0,1
0,1004,1350,1359381,0,3,1,1
0,994,1350,1359390,0,4,0,2
0,1004,1360,1359399,0,3,1,1
0,1006,1370,1359408,0,3,0,1
0,998,1380,1359417,0,3,0,1
0,1006,1380,1359426,0,3,0,1
0,1004,1390,1359435,0,4,0,2
0,999,1370,1359444,0,3,1,1
0,1005,1370,1359453,0,4,0,2
0,1004,1390,1359462,0,3,0,1
12,1004,1400,1359471,0,4,0,2
0,1007,1440,1359480,0,3,0,1
0,1004,1440,1359489,0,4,0,2
12,1006,1440,1359498,0,3,0,1
0,1008,1420,1359507,0,4,0,2
0,1006,1420,1359516,0,4,0,2
0,1009,1440,1359525,0,4,0,2
0,1007,1430,1359534,0,4,0,2
0,1007,1450,1359543,0,4,0,2
0,1010,1470,1359552,0,4,0,2
0,1006,1480,1359561,0,3,0,1
0,1007,1480,1359570,0,4,0,2
0,1009,1480,1359579,0,3,0,1
0,1006,1490,1359588,0,4,0,2
0,1010,1490,1359597,0,3,0,1
0,1012,1490,1359606,0,3,1,1
0,1007,1490,1359615,0,4,0,2
0,1011,1510,1359624,0,3,0,1
0,1014,1510,1359633,0,4,1,2
0,1009,1520,1359642,0,4,0,2
0,1015,1520,1359651,0,3,0,1
0,1012,1520,1359660,0,4,1,2
0,1011,1520,1359669,0,4,0,2
0,1015,1520,1359678,0,3,1,1
0,1010,1520,1359687,0,3,0,1
0,1016,1520,1359696,0,4,1,2
0,1018,1530,1359705,0,3,0,1
0,1010,1530,1359714,0,3,1,1
0,1016,1530,1359723,0,2,1,1
0,1019,1550,1359732,0,3,1,1
0,1019,1550,1359741,0,3,1,1
0,1023,1550,1359750,0,2,0,1
0,1023,1570,1359759,0,2,1,1
0,1023,1570,1359768,0,2,2,2
0,1023,1580,1359777,0,2,1,1
0,1023,1590,1359786,0,2,1,1
0,1023,1590,1359795,0,2,1,1
0,1023,1610,1359804,0,3,1,1
0,1023,1610,1359813,0,2,1,1
0,1023,1620,1359822,0,2,2,2
0,1023,1640,1359831,0,2,1,1
0,1023,1630,1359840,0,2,2,2
0,1023,1610,1359849,0,3,2,2
0,1023,1600,1359858,0,2,1,1
0,1023,1590,1359867,0,1,2,2
0,1023,1580,1359876,0,2,2,2
0,1023,1580,1359885,0,2,2,2
0,1023,1590,1359894,0,3,2,2
12,1023,1590,1359903,0,2,2,2
0,1023,1600,1359912,0,2,2,2
0,1023,1610,1359921,0,2,2,2
0,1023,1600,1359930,0,1,2,2
0,1023,1590,1359939,0,2,2,2
0,1023,1580,1359948,0,1,2,2
0,1023,1580,1359957,0,2,2,2
0,1023,1580,1359966,0,1,2,2
0,1023,1580,1359975,0,2,2,2
0,1023,1610,1359984,0,1,2,2
0,1023,1610,1359993,0,2,2,2
0,1023,1620,1360002,0,1,3,2
0,1023,1620,1360011,0,2,2,2
0,1023,1640,1360020,0,1,2,2
0,1023,1650,1360029,0,1,2,2
0,1023,1660,1360038,0,1,2,2
0,1023,1660,1360047,0,1,2,2
0,1023,1660,1360056,0,1,2,2
0,1023,1660,1360065,0,1,2,2
0,1023,1670,1360074,0,1,3,2
0,1023,1670,1360083,0,2,2,2
0,1023,1680,1360092,0,2,3,2
0,1023,1680,1360101,0,1,3,2
0,1023,1680,1360110,0,2,2,2
0,1023,1690,1360119,0,2,3,2
0,1023,1680,1360128,0,1,2,2
0,1023,1680,1360137,0,2,3,2
0,1023,1680,1360146,0,1,2,2
0,1023,1700,1360155,0,1,2,2
0,1023,1710,1360164,0,1,2,2
0,1023,1720,1360173,0,1,2,2
0,1023,1730,1360182,0,1,2,2
0,1023,1730,1360191,0,2,3,2
0,1023,1720,1360200,0,1,2,2
0,1023,1710,1360209,0,1,2,2
0,1023,1720,1360218,0,2,3,2
0,1023,1710,1360227,0,1,2,2
0,1023,1710,1360236,0,2,3,2
0,1023,1700,1360245,0,1,2,2
0,1023,1700,1360254,0,2,2,2
0,1023,1700,1360263,0,1,2,2
0,1023,1700,1360272,0,1,1,0
0,1023,1700,1360281,0,1,1,0
0,1023,1710,1360290,0,1,1,0
0,1023,1710,1360299,0,1,1,0
12,1023,1710,1360308,0,1,1,0
0,1023,1710,1360317,0,0,1,1
12,1023,1710,1360326,0,1,1,0
0,1023,1710,1360335,0,0,1,1
0,1023,1710,1360344,0,0,0,0
0,1023,1730,1360353,0,1,1,0
0,1023,1740,1360362,0,0,1,1
0,1023,1750,1360371,0,1,1,0
0,1023,1750,1360380,0,1,0,1
0,1023,1770,1360389,0,0,1,1
0,1023,1750,1360398,0,1,1,0
0,1023,1750,1360407,0,0,1,1
0,1023,1750,1360416,0,1,0,1
0,1023,1750,1360425,0,0,1,1
0,1023,1750,1360434,0,0,0,0
0,1023,1760,1360443,0,1,1,0
0,1023,1760,1360452,0,0,0,0
0,1023,1740,1360461,0,0,0,0
0,1023,1740,1360470,0,1,1,0
0,1023,1760,1360479,0,0,0,0
0,1023,1750,1360488,0,0,0,0
0,1023,1760,1360497,0,0,0,0
0,1023,1740,1360506,0,0,0,0
0,1023,1740,1360515,0,0,0,0
0,1023,1740,1360525,0,0,0,0
0,968,1740,1360534,0,0,1,1
0,873,1740,1360543,0,0,2,2
0,703,1720,1360552,0,1,2,2
12,276,1720,1360561,0,2,1,1
0,34,1550,1365877,1,191,5,13
0,99,1560,1365886,1,0,0,0
0,149,1560,1365895,1,0,0,0
0,179,1550,1365904,1,0,0,0
0,207,1550,1365913,1,0,0,0
0,244,1560,1365922,1,0,0,0
0,273,1540,1365931,1,1,0,1
0,279,1560,1365940,1,0,0,0
0,285,1550,1365949,1,0,0,0
0,284,1550,1365958,1,0,0,0
0,283,1560,1365967,1,1,0,1
0,292,1560,1365976,1,0,0,0
0,331,1570,1365985,1,0,0,0
0,379,1570,1365994,1,0,0,0
0,424,1570,1366003,1,0,0,0
0,449,1570,1366012,1,0,0,0
0,481,1570,1366021,1,0,0,0
0,510,1570,1366030,1,1,1,0
0,528,1560,1366039,1,0,0,0
0,546,1540,1366048,1,0,0,0
0,550,1540,1366057,1,0,0,0
0,549,1540,1366066,1,0,0,0
0,535,1540,1366075,1,0,0,0
0,496,1540,1366084,1,0,0,0
0,448,1540,1366093,1,1,0,1
0,391,1560,1366102,1,0,0,0
0,310,1570,1366111,1,1,1,0
0,208,1600,1366120,1,1,0,1
0,62,1620,1366129,1,0,0,0
0,9,1530,1366239,1,14,6,2
0,38,1530,1366248,1,1,0,1
0,90,1520,1366257,1,0,0,0
0,136,1510,1366266,1,0,0,0
0,180,1510,1366275,1,0,0,0
0,231,1510,1366284,1,1,1,0
0,292,1520,1366293,1,0,0,0
0,346,1520,1366302,1,0,0,0
0,386,1530,1366311,1,0,0,0
0,421,1530,1366320,1,0,1,1
0,462,1520,1366329,1,0,0,0
0,493,1540,1366338,1,0,0,0
0,518,1530,1366347,1,0,0,0
0,546,1530,1366356,1,0,0,0
0,568,1540,1366365,1,0,0,0
0,586,1540,1366374,1,0,0,0
0,609,1530,1366383,1,0,1,1
0,629,1550,1366392,1,0,0,0
0,651,1550,1366401,1,0,0,0
0,672,1540,1366410,1,0,1,1
0,690,1560,1366419,1,0,0,0
0,711,1560,1366428,1,0,0,0
0,732,1560,1366437,1,0,1,1
0,743,1570,1366446,1,1,0,1
0,760,1560,1366455,1,0,0,0
0,772,1560,1366464,1,0,0,0
0,776,1560,1366473,1,0,0,0
0,789,1560,1366482,1,0,0,0
0,797,1560,1366491,1,0,0,0
0,809,1540,1366500,1,1,0,1
0,818,1540,1366509,1,0,0,0
0,830,1540,1366518,1,0,0,0
0,840,1560,1366527,1,0,0,0
0,852,1560,1366536,1,0,0,0
0,851,1560,1366545,1,1,0,1
0,858,1560,1366554,1,0,0,0
0,860,1560,1366563,1,0,0,0
0,858,1560,1366572,1,0,0,0
0,863,1560,1366582,1,0,0,0
0,863,1560,1366591,1,0,0,0
0,863,1560,1366600,1,0,0,0
0,871,1550,1366609,1,0,0,0
0,872,1550,1366618,1,0,1,1
0,879,1550,1366627,1,1,0,1
0,892,1550,1366636,1,0,1,1
0,893,1550,1366645,1,1,0,1
0,902,1550,1366654,1,0,1,1
0,908,1540,1366663,1,1,0,1
0,908,1530,1366672,1,0,0,0
0,915,1540,1366681,1,0,1,1
0,896,1540,1366690,1,1,0,1
0,900,1540,1366699,1,0,0,0
0,903,1540,1366708,1,0,0,0
12,926,1550,1366717,1,0,1,1
0,922,1550,1366726,1,1,0,1
12,927,1550,1366735,1,0,0,0
0,920,1540,1366744,1,1,0,1
0,927,1540,1366753,1,0,1,1
0,931,1540,1366762,1,1,0,1
0,928,1530,1366771,1,0,0,0
0,935,1520,1366780,1,0,0,0
0,936,1520,1366789,1,1,1,0
0,937,1540,1366798,1,0,0,0
0,941,1520,1366807,1,0,0,0
0,942,1520,1366816,1,1,0,1
0,944,1530,1366825,1,0,0,0
0,952,1520,1366834,1,0,0,0
0,945,1530,1366843,1,0,0,0
0,952,1530,1366852,1,1,0,1
0,957,1520,1366861,1,0,0,0
0,953,1550,1366870,1,1,1,0
0,958,1560,1366879,1,0,0,0
0,960,1570,1366888,1,0,0,0
0,959,1580,1366897,1,1,0,1
0,964,1560,1366906,1,0,0,0
0,963,1580,1366915,1,1,0,1
0,964,1620,1366924,1,0,0,0
0,968,1620,1366933,1,1,0,1
0,962,1600,1366942,1,0,0,0
0,967,1600,1366951,1,1,0,1
0,973,1580,1366960,1,0,0,0
0,968,1580,1366969,1,1,0,1
0,973,1620,1366978,1,1,1,0
0,974,1600,1366987,1,0,0,0
0,972,1630,1366996,1,1,0,1
0,977,1630,1367005,1,1,0,1
0,975,1630,1367014,1,1,0,1
0,977,1660,1367023,1,1,0,1
0,982,1660,1367032,1,1,0,1
0,975,1660,1367041,1,1,0,1
0,980,1660,1367050,1,1,0,1
0,984,1660,1367059,1,1,0,1
0,980,1660,1367068,1,1,0,1
0,984,1660,1367077,1,1,0,1
0,990,1660,1367086,1,1,0,1
0,985,1660,1367095,1,1,0,1
0,990,1650,1367104,1,1,0,1
0,991,1660,1367113,1,1,1,0
0,992,1650,1367122,1,1,0,1
0,998,1650,1367131,1,0,0,0
12,994,1660,1367140,1,1,0,1
0,999,1650,1367149,1,0,0,0
12,1005,1650,1367158,1,1,1,0
0,998,1640,1367167,1,1,0,1
0,1003,1640,1367176,1,0,1,1
0,1005,1660,1367185,1,1,0,1
0,1002,1660,1367194,1,1,1,0
0,980,1670,1367203,1,0,0,0
0,998,1670,1367212,1,1,1,0
0,1023,1670,1367221,1,1,1,0
0,1023,1670,1367230,1,0,1,1
0,1023,1670,1367239,1,0,0,0
0,1023,1670,1367248,1,1,1,0
0,1023,1670,1367257,1,1,1,0
0,1023,1670,1367266,1,0,1,1
0,1023,1670,1367275,1,1,1,0
0,1023,1660,1367284,1,0,1,1
0,1023,1660,1367293,1,1,1,0
0,1023,1660,1367302,1,0,1,1
0,1023,1670,1367311,1,1,1,0
0,1023,1680,1367320,1,0,1,1
0,1023,1680,1367329,1,0,1,1
0,1023,1680,1367338,1,1,1,0
0,1023,1670,1367347,1,0,2,2
0,1023,1680,1367356,1,0,1,1
0,1023,1680,1367365,1,1,1,0
0,1023,1680,1367374,1,0,1,1
0,1023,1680,1367383,1,0,1,1
0,1023,1680,1367392,1,0,1,1
0,1023,1670,1367401,1,0,1,1
0,1023,1670,1367410,1,0,1,1
0,1023,1670,1367419,1,0,1,1
0,1023,1670,1367428,1,0,1,1
0,1023,1680,1367437,1,0,1,1
0,1023,1680,1367446,1,0,0,0
0,1023,1680,1367455,1,1,1,0
0,1023,1680,1367464,1,0,2,2
0,1023,1690,1367473,1,0,1,1
0,1023,1680,1367482,1,1,1,0
0,1023,1690,1367491,1,0,1,1
0,1023,1690,1367500,1,0,1,1
0,1023,1700,1367509,1,1,1,0
0,1023,1700,1367518,1,0,1,1
0,1023,1700,1367527,1,1,0,1
0,1023,1700,1367536,1,0,1,1
0,1023,1700,1367545,1,1,1,0
0,1023,1700,1367554,1,0,1,1
0,1023,1700,1367563,1,1,1,0
0,1023,1700,1367572,1,0,1,1
0,1023,1700,1367581,1,1,0,1
0,1023,1710,1367590,1,1,1,0
0,1023,1710,1367599,1,0,1,1
0,1023,1710,1367608,1,1,1,0
0,1023,1710,1367617,1,1,0,1
0,1023,1710,1367626,1,1,1,0
0,1023,1710,1367635,1,1,0,1
0,1023,1710,1367644,1,1,1,0
0,1023,1710,1367653,1,1,0,1
0,1023,1710,1367662,1,1,1,0
0,1023,1720,1367671,1,2,1,1
0,1023,1730,1367680,1,2,0,1
0,1023,1730,1367689,1,1,1,0
0,1023,1730,1367698,1,2,1,1
0,1023,1720,1367707,1,2,1,1
0,1023,1720,1367716,1,2,0,1
0,1023,1720,1367725,1,2,1,1
0,1023,1710,1367734,1,2,1,1
0,1023,1670,1367743,1,2,0,1
0,1023,1630,1367752,1,2,1,1
0,1023,1590,1367761,1,2,0,1
0,1023,1570,1367770,1,2,1,1
0,1023,1580,1367779,1,2,0,1
0,1023,1600,1367788,1,2,0,1
0,1023,1600,1367797,1,1,0,1
0,1023,1600,1367806,1,2,0,1
0,1023,1610,1367815,1,1,0,1
0,1023,1600,1367824,1,2,0,1
0,1023,1600,1367833,1,1,0,1
0,1023,1590,1367842,1,2,0,1
0,1023,1580,1367851,1,1,0,1
0,1023,1580,1367860,1,2,1,1
0,1023,1580,1367870,1,2,0,1
0,1023,1560,1367879,1,2,0,1
12,1023,1560,1367888,1,2,1,1
0,1023,1550,1367897,1,2,0,1
0,1023,1540,1367906,1,2,1,1
0,1023,1540,1367915,1,3,1,1
0,1023,1530,1367924,1,2,0,1
0,1023,1520,1367933,1,2,1,1
0,1023,1520,1367942,1,2,1,1
0,1023,1510,1367951,1,1,1,0
0,1023,1510,1367960,1,2,1,1
0,1023,1490,1367969,1,2,1,1
0,1023,1480,1367978,1,2,1,1
0,1023,1480,1367987,1,2,1,1
0,1023,1480,1367996,1,1,1,0
0,1023,1490,1368005,1,2,1,1
0,1023,1500,1368014,1,1,2,2
0,1023,1520,1368023,1,2,1,1
0,1023,1520,1368032,1,1,1,0
0,1023,1530,1368041,1,2,2,2
0,1023,1530,1368050,1,1,2,2
0,1023,1550,1368059,1,1,2,2
0,1023,1540,1368068,1,1,2,2
0,1023,1540,1368077,1,1,2,2
0,1023,1550,1368086,1,1,1,0
0,1023,1540,1368095,1,0,2,2
0,1023,1530,1368104,1,1,2,2
0,1023,1530,1368113,1,0,1,1
0,1023,1520,1368122,1,0,2,2
0,1023,1520,1368131,1,1,2,2
0,1023,1500,1368140,1,0,1,1
0,1023,1510,1368149,1,0,2,2
0,1023,1510,1368158,1,0,2,2
0,1023,1500,1368167,1,0,1,1
0,1023,1490,1368176,1,0,2,2
0,1023,1490,1368185,1,0,2,2
0,1023,1480,1368194,1,0,1,1
0,1023,1470,1368203,1,0,2,2
0,1023,1470,1368212,1,0,1,1
0,1023,1460,1368221,1,0,2,2
0,1023,1450,1368230,1,0,1,1
0,1023,1470,1368239,1,0,1,1
0,1023,1480,1368248,1,1,1,0
0,1023,1520,1368257,1,0,1,1
0,1023,1540,1368266,1,1,1,0
0,1023,1550,1368275,1,0,1,1
0,1023,1520,1368284,1,1,2,2
0,1023,1500,1368293,1,0,0,0
0,1023,1490,1368302,1,1,1,0
0,1023,1460,1368311,1,0,1,1
0,1023,1460,1368320,1,1,1,0
0,1023,1460,1368329,1,0,1,1
0,1023,1460,1368338,1,1,1,0
0,1023,1450,1368347,1,1,1,0
0,1023,1460,1368356,1,0,1,1
0,1023,1450,1368365,1,1,1,0
0,1023,1470,1368374,1,1,1,0
0,1023,1480,1368383,1,0,1,1
0,1023,1480,1368392,1,1,1,0
0,1023,1480,1368401,1,1,1,0
0,1023,1490,1368410,1,0,1,1
0,1023,1480,1368419,1,1,1,0
0,1023,1490,1368428,1,1,1,0
0,1023,1480,1368437,1,0,0,0
0,1023,1470,1368446,1,1,1,0
0,1023,1460,1368455,1,1,1,0
0,1023,1450,1368464,1,0,0,0
0,1023,1460,1368473,1,1,1,0
0,1023,1480,1368482,1,1,1,0
0,1023,1480,1368491,1,0,0,0
0,1023,1480,1368500,1,1,1,0
0,1023,1490,1368509,1,1,1,0
0,1023,1480,1368518,1,0,1,1
0,1023,1490,1368527,1,1,1,0
0,1023,1490,1368536,1,1,0,1
0,1023,1490,1368545,1,0,1,1
0,1023,1500,1368554,1,1,1,0
0,1023,1500,1368563,1,1,1,0
0,1023,1510,1368572,1,0,1,1
0,1023,1500,1368581,1,1,1,0
0,1023,1500,1368590,1,1,2,2
0,1023,1490,1368599,1,0,1,1
0,1023,1490,1368608,1,1,1,0
0,1023,1490,1368617,1,1,1,0
0,1023,1480,1368626,1,1,1,0
0,1023,1470,1368635,1,1,1,0
0,1023,1470,1368644,1,1,2,2
0,1023,1470,1368653,1,1,1,0
0,1023,1490,1368662,1,1,1,0
0,1023,1490,1368671,1,1,1,0
0,1023,1470,1368680,1,2,0,1
0,1023,1460,1368689,1,1,1,0
0,1023,1450,1368698,1,2,1,1
0,1023,1440,1368707,1,2,1,1
0,1023,1450,1368716,1,1,0,1
0,1023,1470,1368725,1,2,1,1
0,1023,1470,1368734,1,2,0,1
0,1023,1470,1368743,1,2,0,1
0,1023,1490,1368752,1,2,0,1
0,1023,1490,1368761,1,3,1,1
0,1023,1490,1368770,1,2,0,1
0,1023,1490,1368779,1,2,0,1
0,1023,1490,1368788,1,3,0,1
0,1023,1480,1368797,1,3,0,1
0,1023,1490,1368806,1,2,1,1
0,1023,1500,1368815,1,3,0,1
0,1023,1540,1368824,1,3,0,1
0,1023,1560,1368833,1,2,0,1
0,1023,1590,1368842,1,2,0,1
0,1023,1590,1368851,1,2,1,1
0,1023,1600,1368860,1,3,0,1
0,1023,1600,1368869,1,2,0,1
0,1023,1600,1368878,1,3,0,1
0,1023,1600,1368887,1,2,0,1
0,1023,1600,1368896,1,2,1,1
0,1023,1600,1368905,1,2,0,1
0,1023,1600,1368914,1,3,0,1
0,1023,1600,1368923,1,2,0,1
0,1023,1620,1368932,1,2,0,1
0,1023,1620,1368941,1,2,1,1
0,1023,1620,1368950,1,2,0,1
0,1023,1620,1368959,1,2,0,1
0,1023,1630,1368968,1,2,1,1
0,1023,1630,1368977,1,2,0,1
0,1023,1630,1368986,1,2,1,1
0,1023,1630,1368995,1,2,0,1
0,1023,1640,1369004,1,2,1,1
0,1023,1640,1369013,1,2,0,1
0,1023,1660,1369022,1,2,0,1
0,1023,1660,1369031,1,2,1,1
0,1023,1660,1369040,1,2,0,1
0,1023,1670,1369049,1,1,1,0
0,1023,1670,1369058,1,2,0,1
12,1023,1690,1369067,1,1,1,0
0,1023,1690,1369076,1,2,0,1
0,1023,1690,1369085,1,1,1,0
0,1023,1710,1369094,1,1,1,0
0,1023,1710,1369103,1,2,1,1
0,1023,1710,1369112,1,1,1,0
0,1023,1710,1369121,1,1,1,0
0,1023,1710,1369130,1,2,1,1
0,1023,1710,1369139,1,1,1,0
0,1023,1710,1369148,1,1,1,0
0,1023,1710,1369158,1,0,1,1
0,1023,1720,1369167,1,2,1,1
0,1023,1720,1369176,1,1,1,0
0,1023,1720,1369185,1,1,1,0
0,1023,1720,1369194,1,1,1,0
0,1023,1720,1369203,1,1,0,1
0,1023,1720,1369212,1,1,1,0
0,1023,1730,1369221,1,1,1,0
0,1023,1730,1369230,1,1,2,2
0,1023,1730,1369239,1,1,1,0
0,1023,1730,1369248,1,1,1,0
0,1023,1730,1369257,1,1,1,0
0,1023,1740,1369266,1,0,1,1
0,1023,1740,1369275,1,1,2,2
0,1023,1730,1369284,1,1,1,0
0,1023,1720,1369293,1,1,1,0
0,1023,1720,1369302,1,1,2,2
0,1023,1720,1369311,1,1,1,0
0,1023,1730,1369320,1,1,2,2
0,1023,1730,1369329,1,0,1,1
0,1023,1730,1369338,1,1,2,2
0,1023,1740,1369347,1,1,2,2
0,1023,1730,1369356,1,0,1,1
0,1023,1730,1369365,1,1,2,2
0,1023,1730,1369374,1,1,2,2
0,1023,1730,1369383,1,0,1,1
0,1023,1730,1369392,1,1,2,2
12,1023,1730,1369401,1,0,2,2
0,1023,1720,1369410,1,1,1,0
0,1023,1730,1369419,1,0,2,2
0,1023,1740,1369428,1,1,2,2
0,1023,1740,1369437,1,0,2,2
0,1023,1740,1369446,1,0,2,2
0,1023,1740,1369455,1,0,2,2
0,1023,1740,1369464,1,0,2,2
0,1023,1740,1369473,1,0,2,2
0,1023,1740,1369482,1,1,2,2
0,1023,1740,1369491,1,0,2,2
0,1023,1740,1369500,1,0,3,2
0,1023,1740,1369509,1,1,2,2
0,1023,1750,1369518,1,0,2,2
0,1023,1750,1369527,1,0,3,2
0,1023,1750,1369536,1,0,2,2
0,1023,1750,1369545,1,0,2,2
0,1023,1750,1369554,1,0,3,2
0,1023,1750,1369563,1,0,2,2
0,1023,1750,1369572,1,0,2,2
0,1023,1750,1369581,1,1,2,2
0,1023,1750,1369590,1,0,1,1
0,1023,1750,1369599,1,1,2,2
0,1023,1750,1369608,1,1,1,0
0,1023,1750,1369617,1,1,2,2
0,1023,1750,1369626,1,1,2,2
0,1023,1760,1369635,1,1,2,2
0,1023,1750,1369644,1,2,2,2
0,1023,1750,1369653,1,1,2,2
0,1023,1750,1369662,1,2,2,2
0,1023,1740,1369671,1,1,2,2
0,1023,1740,1369680,1,1,2,2
0,1023,1740,1369689,1,2,2,2
0,1023,1750,1369698,1,1,2,2
0,1023,1760,1369707,1,2,1,1
0,1023,1760,1369716,1,2,2,2
0,1023,1760,1369725,1,1,2,2
0,1023,1760,1369734,1,2,1,1
0,1023,1760,1369743,1,1,2,2
0,1023,1760,1369752,1,1,1,0
0,1023,1770,1369761,1,2,2,2
0,1023,1770,1369770,1,1,2,2
0,1023,1770,1369779,1,1,2,2
0,1023,1770,1369788,1,2,1,1
0,1023,1770,1369797,1,1,2,2
0,1023,1770,1369806,1,1,1,0
0,1023,1770,1369815,1,2,1,1
0,1023,1770,1369824,1,2,2,2
0,1023,1770,1369833,1,2,1,1
0,1023,1760,1369842,1,1,1,0
0,1023,1750,1369851,1,3,2,2
0,1023,1740,1369860,1,2,1,1
0,1023,1740,1369869,1,2,1,1
0,1023,1740,1369878,1,2,2,2
0,1023,1740,1369887,1,2,1,1
0,1023,1740,1369896,1,2,1,1
0,1023,1740,1369905,1,2,1,1
0,1023,1730,1369914,1,2,1,1
0,1023,1730,1369923,1,2,1,1
0,1023,1730,1369932,1,3,2,2
0,1023,1730,1369941,1,2,1,1
0,1023,1740,1369950,1,3,1,1
0,1023,1740,1369959,1,2,1,1
0,1023,1730,1369968,1,2,1,1
0,1023,1730,1369977,1,3,1,1
0,1023,1730,1369986,1,2,1,1
0,1023,1730,1369995,1,2,1,1
0,1023,1730,1370004,1,3,1,1
0,1023,1730,1370013,1,2,0,1
0,1023,1730,1370022,1,2,1,1
0,1023,1720,1370031,1,3,1,1
0,1023,1700,1370040,1,2,0,1
0,1023,1690,1370049,1,3,0,1
0,1023,1670,1370058,1,3,1,1
0,1023,1670,1370067,1,3,0,1
0,1023,1660,1370076,1,3,1,1
0,1023,1670,1370085,1,2,0,1
0,1023,1650,1370094,1,3,0,1
0,1023,1640,1370103,1,2,0,1
0,1023,1640,1370112,1,3,0,1
0,1023,1610,1370121,1,2,0,1
0,1023,1610,1370130,1,2,0,1
0,1023,1590,1370139,1,3,0,1
0,1023,1570,1370148,1,3,0,1
0,1023,1580,1370157,1,3,0,1
0,1023,1560,1370166,1,3,0,1
0,1023,1550,1370175,1,3,0,1
0,1023,1530,1370184,1,3,0,1
0,1023,1520,1370193,1,3,0,1
0,1023,1510,1370202,1,2,0,1
0,1023,1480,1370211,1,3,1,1
0,1023,1440,1370220,1,2,0,1
0,1023,1470,1370229,1,3,0,1
0,1023,1490,1370238,1,3,0,1
0,1023,1560,1370247,1,3,0,1
0,1023,1600,1370256,1,2,0,1
0,1023,1600,1370265,1,3,1,1
0,1023,1620,1370274,1,2,0,1
0,1023,1610,1370283,1,2,1,1
0,1023,1620,1370292,1,3,0,1
0,1023,1620,1370301,1,2,1,1
0,1023,1640,1370310,1,2,1,1
0,1023,1650,1370319,1,3,1,1
0,1023,1660,1370328,1,2,0,1
0,1023,1680,1370337,1,2,1,1
0,1023,1680,1370346,1,2,1,1
0,1023,1700,1370355,1,2,1,1
0,1023,1700,1370364,1,2,1,1
0,1023,1730,1370373,1,2,1,1
0,1023,1750,1370382,1,2,0,1
0,1023,1770,1370391,1,2,1,1
0,1023,1800,1370400,1,2,1,1
0,1023,1690,1370409,1,2,1,1
0,1023,1600,1370418,1,3,1,1
0,1023,1500,1370427,1,2,1,1
0,1023,1420,1370436,1,3,1,1
0,1023,1400,1370446,1,3,0,1
0,1023,1400,1370455,1,2,1,1
0,1023,1440,1370464,1,3,1,1
0,1023,1470,1370473,1,2,2,2
0,1023,1500,1370482,1,2,1,1
0,1023,1530,1370491,1,2,1,1
0,1023,1560,1370500,1,2,1,1
0,1023,1560,1370509,1,2,1,1
0,1023,1560,1370518,1,1,1,0
0,1023,1550,1370527,1,2,1,1
0,1023,1550,1370536,1,1,2,2
0,1023,1540,1370545,1,1,1,0
0,1023,1540,1370554,1,1,1,0
0,1023,1510,1370563,1,1,1,0
0,1023,1500,1370572,1,1,2,2
0,1023,1480,1370581,1,1,2,2
0,1023,1450,1370590,1,1,2,2
0,1023,1440,1370599,1,1,2,2
0,1023,1380,1370608,1,2,2,2
0,1023,1390,1370617,1,1,3,2
0,1023,1380,1370626,1,1,2,2
0,1023,1350,1370635,1,2,2,2
0,1023,1380,1370644,1,2,3,2
0,1023,1330,1370653,1,2,2,2
0,1023,1330,1370662,1,1,3,2
0,1023,1320,1370671,1,2,2,2
0,1023,1330,1370680,1,2,3,2
0,1023,1350,1370689,1,1,3,2
0,1023,1380,1370698,1,2,3,2
0,1023,1420,1370707,1,1,2,2
0,1023,1460,1370716,1,1,3,2
0,1023,1490,1370725,1,1,3,2
0,1023,1480,1370734,1,1,3,2
0,1023,1470,1370743,1,1,3,2
0,1023,1470,1370752,1,1,3,2
0,1023,1470,1370761,1,0,2,2
0,1023,1460,1370770,1,0,3,2
0,1023,1450,1370779,1,1,3,2
0,1023,1420,1370788,1,0,4,2
0,1023,1420,1370797,1,0,3,2
0,1023,1410,1370806,1,1,4,2
0,1023,1410,1370815,1,0,3,2
0,1023,1430,1370824,1,0,4,2
0,1023,1430,1370833,1,0,3,2
0,1023,1440,1370842,1,0,3,2
0,1023,1460,1370851,1,0,3,2
0,1023,1460,1370860,1,1,3,2
0,1023,1470,1370869,1,0,3,2
0,1023,1470,1370878,1,0,3,2
0,1023,1460,1370887,1,1,2,2
0,1023,1440,1370896,1,0,4,2
0,1023,1450,1370905,1,1,3,2
0,1023,1450,1370914,1,2,3,2
0,1023,1470,1370923,1,1,3,2
0,1023,1490,1370932,1,2,3,2
0,1023,1430,1370941,1,2,4,2
0,1023,1390,1370950,1,2,3,2
0,1023,1370,1370959,1,2,4,2
0,1023,1350,1370968,1,2,3,2
0,1023,1410,1370977,1,2,3,2
0,1023,1460,1370986,1,2,3,2
0,1023,1460,1370995,1,2,3,2
0,1023,1440,1371004,1,2,4,2
0,1023,1430,1371013,1,1,3,2
0,1023,1410,1371022,1,2,4,2
0,1023,1390,1371031,1,1,3,2
0,1023,1390,1371040,1,2,4,2
0,1023,1390,1371049,1,2,4,2
0,1023,1380,1371058,1,2,5,2
0,1023,1370,1371067,1,3,5,2
0,1023,1340,1371076,1,2,3,2
0,1023,1300,1371085,1,3,4,2
0,1023,1290,1371094,1,3,2,2
0,1023,1260,1371103,1,2,3,2
0,1023,1290,1371112,1,3,2,2
0,1023,1310,1371121,1,3,3,2
0,1023,1330,1371130,1,4,2,1
0,1023,1360,1371139,1,3,3,2
0,1023,1360,1371148,1,4,2,1
0,1023,1350,1371157,1,3,2,2
0,1023,1350,1371166,1,3,2,2
0,1023,1350,1371175,1,3,3,2
0,1023,1360,1371184,1,4,2,1
0,1023,1370,1371193,1,3,1,1
0,1023,1390,1371202,1,4,2,1
0,1023,1430,1371211,1,4,2,1
0,1023,1440,1371220,1,4,1,2
0,1023,1440,1371229,1,4,1,2
0,1023,1430,1371238,1,4,2,1
0,1023,1440,1371247,1,4,1,2
12,1023,1450,1371256,1,5,1,2
0,1023,1480,1371265,1,4,0,2
0,1023,1480,1371274,1,5,1,2
12,1023,1480,1371283,1,4,0,2
0,1023,1470,1371292,1,5,1,2
0,1023,1460,1371301,1,5,0,2
0,1023,1470,1371310,1,4,0,2
12,1023,1460,1371319,1,4,1,2
0,1023,1460,1371328,1,5,0,2
0,1023,1470,1371337,1,4,0,2
0,1023,1470,1371346,1,5,0,2
0,1023,1490,1371355,1,4,1,2
0,1023,1510,1371364,1,5,0,2
12,1023,1530,1371373,1,4,0,2
0,1023,1550,1371382,1,5,1,2
0,1023,1570,1371391,1,4,0,2
0,1023,1570,1371400,1,5,0,2
0,1023,1580,1371409,1,5,1,2
0,1023,1580,1371418,1,4,1,2
0,1023,1580,1371427,1,5,0,2
0,1023,1600,1371436,1,4,1,2
0,1023,1600,1371445,1,4,1,2
0,1023,1610,1371454,1,4,1,2
0,1023,1620,1371463,1,4,1,2
0,1023,1630,1371472,1,4,1,2
0,1023,1640,1371481,1,4,1,2
0,1023,1630,1371490,1,3,1,1
0,1023,1630,1371499,1,4,1,2
0,1023,1630,1371508,1,4,1,2
0,1023,1630,1371517,1,3,2,2
0,1023,1630,1371526,1,3,1,1
0,1023,1640,1371535,1,3,1,1
0,1023,1640,1371544,1,3,2,2
0,1023,1660,1371553,1,2,2,2
0,1023,1660,1371562,1,3,1,1
0,1023,1660,1371571,1,2,2,2
0,1023,1670,1371580,1,2,2,2
0,1023,1670,1371589,1,3,1,1
0,1023,1690,1371598,1,2,2,2
0,1023,1690,1371607,1,2,2,2
0,1023,1690,1371616,1,2,2,2
0,1023,1690,1371625,1,3,2,2
0,1023,1680,1371634,1,2,2,2
0,1023,1680,1371643,1,2,2,2
0,1023,1670,1371652,1,3,2,2
0,1023,1670,1371661,1,2,2,2
0,1023,1680,1371670,1,3,2,2
0,1023,1670,1371679,1,2,2,2
0,1023,1680,1371688,1,2,3,2
0,1023,1690,1371697,1,2,2,2
0,1023,1690,1371706,1,2,3,2
0,1023,1690,1371715,1,1,2,2
0,1023,1700,1371724,1,1,3,2
0,1023,1700,1371734,1,2,2,2
0,1023,1700,1371743,1,1,2,2
0,1023,1720,1371752,1,1,2,2
0,1023,1720,1371761,1,1,2,2
0,1023,1720,1371770,1,0,2,2
0,1023,1720,1371779,1,1,2,2
0,1023,1720,1371788,1,1,2,2
0,1023,1720,1371797,1,0,1,1
0,1023,1730,1371806,1,1,2,2
0,1023,1730,1371815,1,0,2,2
0,1023,1730,1371824,1,1,2,2
0,1023,1730,1371833,1,1,3,2
0,1023,1730,1371842,1,1,2,2
0,1023,1730,1371851,1,1,2,2
0,1023,1730,1371860,1,1,2,2
0,1023,1740,1371869,1,1,3,2
0,1023,1730,1371878,1,1,2,2
0,1023,1730,1371887,1,0,2,2
0,1023,1730,1371896,1,1,2,2
0,1023,1730,1371905,1,1,2,2
0,1023,1730,1371914,1,1,3,2
0,1023,1730,1371923,1,1,2,2
0,1023,1740,1371932,1,1,3,2
0,1023,1750,1371941,1,2,2,2
0,1023,1750,1371950,1,1,3,2
0,1023,1750,1371959,1,1,3,2
0,1023,1760,1371968,1,1,3,2
0,1023,1750,1371977,1,2,3,2
0,1023,1760,1371986,1,2,2,2
0,1023,1750,1371995,1,1,3,2
0,1023,1760,1372004,1,2,2,2
0,1023,1760,1372013,1,1,2,2
0,1023,1740,1372022,1,2,2,2
0,1023,1740,1372031,1,1,1,0
12,1023,1730,1372040,1,1,2,2
0,1023,1740,1372049,1,1,1,0
0,1023,1770,1372058,1,1,2,2
0,1023,1780,1372067,1,2,2,2
0,1023,1790,1372076,1,1,2,2
0,1023,1800,1372085,1,1,2,2
0,1023,1800,1372094,1,1,1,0
0,1023,1800,1372103,1,1,2,2
0,1023,1800,1372112,1,1,1,0
0,1023,1800,1372121,1,1,1,0
0,1023,1800,1372130,1,0,1,1
0,1023,1800,1372139,1,1,0,1
0,1023,1800,1372148,1,0,1,1
0,1023,1800,1372157,1,0,0,0
0,1023,1800,1372166,1,0,0,0
0,1023,1800,1372175,1,0,1,1
0,1023,1800,1372184,1,0,0,0
0,1023,1800,1372193,1,0,0,0
0,1023,1800,1372202,1,0,0,0
0,1023,1800,1372211,1,0,0,0
0,1023,1800,1372220,1,0,1,1
0,1023,1800,1372229,1,1,0,1
0,1023,1800,1372238,1,0,0,0
0,1023,1800,1372247,1,0,0,0
0,1023,1800,1372256,1,0,0,0
0,1023,1800,1372265,1,0,0,0
0,1023,1800,1372274,1,0,0,0
0,1023,1800,1372283,1,0,0,0
0,1023,1800,1372292,1,0,0,0
0,1023,1800,1372301,1,0,0,0
0,1023,1800,1372310,1,0,0,0
0,1023,1800,1372319,1,0,0,0
0,1023,1800,1372328,1,0,0,0
0,1023,1800,1372337,1,0,0,0
0,1023,1800,1372346,1,0,0,0
0,1023,1800,1372355,1,0,0,0
0,1023,1800,1372364,1,0,0,0
0,1023,1800,1372373,1,0,0,0
0,1023,1800,1372382,1,0,0,0
0,1023,1800,1372391,1,0,0,0
0,1023,1800,1372400,1,0,0,0
0,1023,1800,1372409,1,0,1,1
0,1023,1800,1372418,1,0,0,0
0,1023,1800,1372427,1,0,0,0
0,1023,1800,1372436,1,0,0,0
0,1023,1800,1372445,1,0,1,1
0,1023,1800,1372454,1,0,0,0
0,1023,1800,1372463,1,0,0,0
0,1023,1810,1372472,1,1,0,1
0,1023,1810,1372481,1,0,0,0
0,1023,1810,1372490,1,0,0,0
0,1023,1810,1372499,1,0,1,1
0,1023,1810,1372508,1,1,0,1
0,1016,1810,1372517,1,0,0,0
0,986,1810,1372526,1,1,0,1
0,942,1810,1372535,1,1,0,1
0,899,1810,1372544,1,1,1,0
0,848,1810,1372553,1,2,0,1
0,774,1800,1372562,1,1,0,1
0,709,1800,1372571,1,2,1,1
0,627,1800,1372580,1,1,0,1
0,396,1810,1372589,1,1,0,1
842,0,960,1390939,2,172,72,15
826,0,1150,1390948,2,0,0,0
798,0,1340,1390957,2,0,0,0
770,0,1480,1390966,2,0,0,0
738,0,1580,1390975,2,0,0,0
726,0,1580,1390984,2,1,0,1
710,0,1580,1390993,2,0,0,0
694,0,1580,1391002,2,0,1,1
665,0,1580,1391011,2,1,0,1
649,0,1590,1391020,2,0,0,0
621,0,1590,1391029,2,1,0,1
605,0,1590,1391038,2,1,1,0
605,0,1590,1391047,2,0,0,0
589,0,1600,1391056,2,1,1,0
605,0,1610,1391065,2,0,0,0
621,0,1630,1391074,2,0,0,0
621,0,1590,1391083,2,0,1,1
633,0,1610,1391093,2,0,1,1
649,0,1560,1391102,2,0,0,0
633,0,1480,1391111,2,0,1,1
633,0,1500,1391120,2,0,1,1
621,0,1400,1391129,2,1,0,1
621,0,1410,1391138,2,1,1,0
621,0,1450,1391147,2,0,1,1
605,0,1480,1391156,2,1,0,1
605,0,1490,1391165,2,1,1,0
577,0,1510,1391174,2,0,1,1
561,0,1540,1391183,2,1,0,1
545,0,1540,1391192,2,1,1,0
545,0,1540,1391201,2,1,0,1
545,0,1550,1391210,2,0,1,1
545,0,1530,1391219,2,1,0,1
545,0,1550,1391228,2,1,0,1
545,0,1530,1391237,2,0,1,1
545,0,1530,1391246,2,1,0,1
533,0,1530,1391255,2,0,0,0
517,0,1500,1391264,2,0,0,0
501,0,1500,1391273,2,1,0,1
473,0,1520,1391282,2,0,0,0
441,0,1540,1391291,2,0,0,0
429,0,1550,1391300,2,0,0,0
413,0,1560,1391309,2,0,0,0
413,0,1560,1391318,2,0,0,0
397,0,1560,1391327,2,0,0,0
385,0,1560,1391336,2,0,0,0
385,0,1540,1391345,2,0,0,0
369,0,1530,1391354,2,0,0,0
369,0,1540,1391363,2,0,0,0
369,0,1540,1391372,2,0,0,0
369,0,1540,1391381,2,0,0,0
353,0,1550,1391390,2,0,0,0
341,0,1550,1391399,2,1,0,1
324,0,1560,1391408,2,0,0,0
324,0,1570,1391417,2,0,0,0
324,0,1590,1391426,2,0,0,0
308,0,1590,1391435,2,0,1,1
308,0,1590,1391444,2,1,0,1
308,0,1590,1391453,2,0,0,0
308,0,1570,1391462,2,0,0,0
292,0,1570,1391471,2,0,0,0
292,0,1590,1391480,2,0,0,0
280,0,1590,1391489,2,0,0,0
264,0,1580,1391498,2,0,0,0
248,0,1580,1391507,2,0,0,0
248,0,1580,1391516,2,0,0,0
248,0,1610,1391525,2,0,0,0
248,0,1610,1391534,2,0,0,0
248,0,1620,1391543,2,0,0,0
248,0,1600,1391552,2,0,0,0
248,0,1600,1391561,2,0,0,0
236,0,1600,1391570,2,0,0,0
236,0,1600,1391579,2,0,0,0
236,0,1580,1391588,2,0,0,0
220,0,1570,1391597,2,0,0,0
204,0,1560,1391606,2,0,0,0
192,0,1560,1391615,2,0,0,0
192,0,1580,1391624,2,0,0,0
176,0,1590,1391633,2,0,0,0
176,0,1590,1391642,2,0,0,0
176,0,1590,1391651,2,0,0,0
160,0,1610,1391660,2,0,0,0
144,0,1610,1391669,2,0,0,0
144,0,1620,1391678,2,0,1,1
132,0,1620,1391687,2,0,0,0
116,0,1600,1391696,2,0,0,0
116,0,1600,1391705,2,0,0,0
116,0,1600,1391714,2,0,0,0
100,0,1600,1391723,2,0,0,0
100,0,1580,1391732,2,0,0,0
88,0,1600,1391741,2,1,0,1
88,0,1600,1391750,2,0,0,0
72,0,1610,1391759,2,0,0,0
72,0,1610,1391768,2,0,0,0
56,0,1610,1391777,2,1,1,0
44,0,1610,1391786,2,0,0,0
44,0,1610,1391795,2,0,0,0
28,0,1610,1391804,2,0,0,0
28,0,1610,1391813,2,0,0,0
12,0,1610,1391822,2,0,0,0
0,0,1610,1391831,2,0,0,0
0,0,1610,1391840,2,0,0,0
0,0,1610,1391849,2,0,0,0
0,0,1590,1391858,2,0,0,0
0,0,1590,1391867,2,0,0,0
0,0,1610,1391876,2,0,0,0
12,0,1610,1391885,2,0,0,0
0,0,1610,1391894,2,0,0,0
12,0,1610,1391903,2,1,1,0
12,0,1610,1391912,2,0,0,0
0,0,1610,1391921,2,0,0,0
0,0,1610,1391930,2,0,0,0
0,0,1610,1391939,2,0,0,0
0,0,1610,1391948,2,0,0,0
0,0,1610,1391957,2,0,0,0
0,0,1610,1391966,2,0,0,0
0,0,1600,1391975,2,0,1,1
0,0,1600,1391984,2,0,0,0
0,0,1610,1391993,2,0,0,0
0,0,1620,1392002,2,0,0,0
0,0,1620,1392011,2,0,0,0
0,0,1620,1392020,2,0,1,1
0,0,1610,1392029,2,1,0,1
0,0,1610,1392038,2,0,0,0
0,0,1610,1392047,2,0,0,0
0,0,1610,1392056,2,0,0,0
0,0,1610,1392065,2,0,0,0
0,0,1620,1392074,2,0,0,0
0,0,1610,1392083,2,0,0,0
0,0,1600,1392092,2,0,0,0
12,0,1600,1392101,2,0,0,0
12,0,1580,1392110,2,0,1,1
0,0,1570,1392119,2,0,0,0
0,0,1590,1392128,2,0,0,0
0,0,1580,1392137,2,1,0,1
0,0,1580,1392146,2,0,0,0
0,0,1580,1392155,2,0,0,0
0,0,1580,1392164,2,0,0,0
0,0,1590,1392173,2,1,0,1
0,0,1590,1392182,2,0,0,0
0,0,1590,1392191,2,0,0,0
0,0,1590,1392200,2,0,0,0
0,11,1590,1391961,2,0,0,0
0,223,1580,1391970,2,0,0,0
0,226,1590,1391979,2,0,0,0
0,247,1610,1391988,2,0,0,0
0,302,1610,1391997,2,0,0,0
0,351,1610,1392006,2,0,0,0
0,386,1610,1392015,2,0,0,0
0,398,1610,1392024,2,0,0,0
0,409,1610,1392033,2,0,0,0
0,445,1620,1392042,2,0,0,0
0,482,1630,1392051,2,0,0,0
0,516,1630,1392060,2,1,1,0
0,548,1610,1392069,2,0,0,0
0,567,1610,1392078,2,0,0,0
0,586,1610,1392087,2,0,0,0
0,600,1610,1392096,2,0,0,0
0,600,1630,1392105,2,0,0,0
0,611,1630,1392115,2,0,0,0
0,618,1630,1392124,2,0,0,0
0,620,1630,1392133,2,0,0,0
0,629,1610,1392142,2,0,0,0
0,632,1610,1392151,2,0,0,0
0,633,1610,1392160,2,0,0,0
0,639,1610,1392169,2,0,0,0
0,641,1610,1392178,2,0,0,0
0,647,1610,1392187,2,0,0,0
0,653,1610,1392196,2,1,0,1
0,648,1620,1392205,2,0,0,0
0,655,1620,1392214,2,0,0,0
0,663,1610,1392223,2,0,0,0
0,664,1610,1392232,2,0,0,0
0,673,1610,1392241,2,0,0,0
0,677,1610,1392250,2,0,0,0
0,681,1620,1392259,2,0,0,0
0,687,1620,1392268,2,0,0,0
0,690,1630,1392277,2,0,0,0
0,691,1610,1392286,2,0,0,0
0,699,1610,1392295,2,0,0,0
0,694,1620,1392304,2,0,0,0
0,701,1620,1392313,2,1,0,1
0,706,1620,1392322,2,0,0,0
0,702,1620,1392331,2,0,0,0
0,708,1620,1392340,2,0,0,0
0,707,1620,1392349,2,0,0,0
0,710,1620,1392358,2,0,0,0
0,718,1620,1392367,2,0,0,0
0,722,1620,1392376,2,1,0,1
0,729,1640,1392385,2,0,0,0
0,740,1630,1392394,2,0,0,0
0,739,1630,1392403,2,0,0,0
0,750,1640,1392412,2,0,0,0
0,759,1620,1392421,2,0,0,0
0,757,1620,1392430,2,0,0,0
0,767,1630,1392439,2,0,0,0
0,770,1630,1392448,2,0,0,0
0,771,1620,1392457,2,0,0,0
0,777,1640,1392466,2,0,0,0
0,776,1640,1392475,2,0,0,0
0,778,1640,1392484,2,0,0,0
0,782,1620,1392493,2,0,0,0
0,780,1620,1392502,2,0,0,0
0,786,1620,1392511,2,0,0,0
0,792,1610,1392520,2,0,0,0
0,789,1610,1392529,2,0,0,0
0,794,1610,1392538,2,0,0,0
0,799,1640,1392547,2,0,0,0
0,798,1620,1392556,2,0,0,0
0,807,1620,1392565,2,0,0,0
0,808,1620,1392574,2,1,0,1
0,809,1620,1392583,2,0,0,0
0,816,1620,1392592,2,0,0,0
0,815,1630,1392601,2,0,0,0
0,823,1630,1392610,2,0,0,0
0,830,1630,1392619,2,0,0,0
0,828,1620,1392628,2,0,0,0
0,838,1620,1392637,2,0,0,0
0,844,1620,1392646,2,0,0,0
0,843,1640,1392655,2,0,0,0
0,851,1640,1392664,2,0,0,0
0,848,1640,1392673,2,0,0,0
0,849,1640,1392682,2,0,0,0
0,853,1640,1392691,2,0,0,0
0,850,1640,1392700,2,0,0,0
0,855,1640,1392709,2,0,0,0
0,862,1640,1392718,2,0,0,0
0,860,1640,1392727,2,0,0,0
0,869,1640,1392736,2,0,0,0
0,878,1650,1392745,2,0,0,0
0,879,1650,1392754,2,0,0,0
0,888,1660,1392763,2,0,0,0
0,891,1650,1392772,2,0,0,0
0,891,1640,1392781,2,0,0,0
0,895,1640,1392790,2,0,0,0
0,893,1620,1392799,2,0,0,0
0,897,1620,1392808,2,0,0,0
0,903,1620,1392817,2,0,0,0
0,898,1610,1392826,2,0,0,0
0,905,1610,1392835,2,0,0,0
0,913,1610,1392844,2,0,0,0
0,913,1610,1392853,2,0,0,0
0,922,1630,1392862,2,0,0,0
0,924,1630,1392871,2,0,0,0
0,929,1630,1392880,2,0,0,0
0,936,1640,1392889,2,0,0,0
0,938,1620,1392898,2,0,0,0
0,942,1640,1392907,2,0,0,0
0,953,1640,1392916,2,0,0,0
0,950,1640,1392925,2,0,0,0
0,963,1640,1392934,2,0,0,0
0,972,1620,1392943,2,0,0,0
0,971,1630,1392952,2,0,0,0
0,980,1630,1392961,2,0,0,0
0,983,1620,1392970,2,0,0,0
0,986,1620,1392979,2,0,0,0
0,992,1620,1392988,2,0,0,0
0,995,1620,1392997,2,0,0,0
0,996,1640,1393006,2,0,0,0
0,1004,1620,1393015,2,0,0,0
0,1000,1620,1393024,2,0,0,0
0,1004,1620,1393033,2,0,0,0
0,1012,1620,1393042,2,0,0,0
0,1013,1620,1393051,2,0,0,0
0,1019,1620,1393060,2,0,0,0
0,1023,1640,1393069,2,0,0,0
0,1023,1640,1393078,2,0,0,0
0,1023,1620,1393087,2,1,0,1
0,1023,1640,1393096,2,0,0,0
0,1023,1640,1393105,2,0,0,0
0,1023,1640,1393114,2,0,0,0
0,1023,1640,1393123,2,0,0,0
0,1023,1620,1393132,2,0,0,0
0,1023,1620,1393141,2,0,0,0
0,1023,1630,1393150,2,0,0,0
0,1023,1630,1393159,2,0,0,0
0,1023,1640,1393168,2,0,0,0
0,1023,1640,1393177,2,0,0,0
0,1023,1640,1393186,2,0,1,1
0,1023,1640,1393195,2,0,0,0
0,1023,1640,1393204,2,0,0,0
0,1023,1640,1393213,2,0,0,0
0,1023,1640,1393222,2,0,0,0
0,1023,1620,1393231,2,0,0,0
0,1023,1620,1393240,2,0,0,0
0,1023,1620,1393249,2,0,0,0
0,1023,1640,1393258,2,0,0,0
0,1023,1640,1393267,2,0,0,0
0,1023,1640,1393276,2,1,0,1
0,1023,1640,1393285,2,0,0,0
0,1023,1640,1393294,2,0,0,0
0,1023,1640,1393303,2,0,0,0
0,1023,1640,1393312,2,0,0,0
0,1023,1630,1393321,2,0,0,0
0,1023,1640,1393330,2,0,0,0
0,1023,1640,1393339,2,0,0,0
0,1023,1640,1393348,2,0,0,0
0,1023,1640,1393357,2,0,0,0
0,1023,1620,1393366,2,1,0,1
0,1023,1620,1393375,2,0,0,0
0,1023,1620,1393384,2,0,0,0
0,1023,1610,1393393,2,0,0,0
0,1023,1610,1393403,2,0,0,0
0,1023,1620,1393412,2,0,0,0
0,1023,1620,1393421,2,0,0,0
0,1023,1620,1393430,2,0,0,0
0,1023,1630,1393439,2,0,0,0
0,1023,1640,1393448,2,0,0,0
0,1023,1640,1393457,2,0,0,0
0,1023,1650,1393466,2,0,0,0
0,1023,1650,1393475,2,0,1,1
0,1023,1650,1393484,2,0,0,0
0,1023,1640,1393493,2,0,0,0
0,1023,1640,1393502,2,0,0,0
0,1023,1640,1393511,2,0,0,0
0,1023,1640,1393520,2,0,0,0
0,1023,1640,1393529,2,0,0,0
0,1023,1640,1393538,2,0,0,0
0,1023,1640,1393547,2,0,0,0
0,1023,1640,1393556,2,0,0,0
0,1023,1640,1393565,2,0,0,0
0,1023,1640,1393574,2,0,0,0
0,1023,1640,1393583,2,0,0,0
0,1023,1640,1393592,2,0,0,0
0,1023,1620,1393601,2,0,0,0
0,1023,1620,1393610,2,0,0,0
0,1023,1620,1393619,2,0,0,0
0,1023,1640,1393628,2,0,0,0
0,1023,1640,1393637,2,0,0,0
0,1023,1630,1393646,2,0,0,0
0,1023,1630,1393655,2,0,0,0
0,1023,1630,1393664,2,0,0,0
0,1023,1630,1393673,2,0,0,0
0,1023,1630,1393682,2,0,0,0
0,1023,1620,1393691,2,0,0,0
0,1023,1640,1393700,2,0,0,0
0,1023,1640,1393709,2,0,0,0
0,1023,1640,1393718,2,0,0,0
0,1023,1640,1393727,2,0,0,0
0,1023,1640,1393736,2,0,0,0
0,1023,1640,1393745,2,0,0,0
0,1023,1640,1393754,2,0,0,0
0,1023,1640,1393763,2,0,0,0
0,1023,1640,1393772,2,0,0,0
0,1023,1640,1393781,2,0,0,0
0,1023,1640,1393790,2,0,0,0
0,1023,1640,1393799,2,0,0,0
0,1023,1640,1393808,2,0,0,0
0,1023,1640,1393817,2,0,0,0
0,1023,1630,1393826,2,0,0,0
0,1023,1640,1393835,2,0,0,0
0,1023,1640,1393844,2,0,0,0
0,1023,1640,1393853,2,0,0,0
0,1023,1640,1393862,2,0,0,0
0,1023,1640,1393871,2,0,0,0
0,1023,1650,1393880,2,0,0,0
0,1023,1650,1393889,2,0,0,0
0,1023,1650,1393898,2,0,0,0
0,1023,1650,1393907,2,0,0,0
0,1023,1650,1393916,2,0,0,0
0,1023,1650,1393925,2,0,0,0
0,1023,1650,1393934,2,0,0,0
0,1023,1640,1393943,2,0,0,0
0,1023,1640,1393952,2,0,0,0
0,1023,1620,1393961,2,0,0,0
0,1023,1620,1393970,2,0,0,0
0,1023,1620,1393979,2,0,0,0
0,1023,1620,1393988,2,0,0,0
0,1023,1640,1393997,2,0,0,0
0,1023,1640,1394006,2,0,0,0
0,1023,1640,1394015,2,0,0,0
0,1023,1640,1394024,2,0,0,0
0,1023,1640,1394033,2,0,0,0
0,1023,1660,1394042,2,0,0,0
0,1023,1660,1394051,2,0,0,0
0,1023,1660,1394060,2,0,0,0
0,1023,1660,1394069,2,0,0,0
0,1023,1650,1394078,2,0,0,0
0,1023,1650,1394087,2,0,0,0
0,1023,1650,1394096,2,0,0,0
0,1023,1650,1394105,2,0,0,0
0,1023,1650,1394114,2,0,0,0
0,1023,1650,1394123,2,0,0,0
0,1023,1650,1394132,2,0,0,0
0,1023,1650,1394141,2,0,0,0
0,1023,1650,1394150,2,0,0,0
0,1023,1660,1394159,2,0,0,0
0,1023,1650,1394168,2,0,0,0
0,1023,1650,1394177,2,0,0,0
0,1023,1650,1394186,2,0,0,0
0,1023,1640,1394195,2,0,0,0
0,1023,1640,1394204,2,0,0,0
0,1023,1650,1394213,2,0,0,0
0,1023,1640,1394222,2,0,0,0
0,1023,1640,1394231,2,0,0,0
0,1023,1640,1394240,2,0,0,0
0,1023,1640,1394249,2,0,0,0
0,1023,1640,1394258,2,0,0,0
0,1023,1640,1394267,2,0,0,0
0,1023,1640,1394276,2,0,0,0
0,1023,1640,1394285,2,0,0,0
0,1023,1640,1394294,2,0,0,0
0,1023,1640,1394303,2,0,0,0
0,1023,1640,1394312,2,0,0,0
0,1023,1620,1394321,2,0,0,0
0,1023,1620,1394330,2,0,0,0
0,1023,1620,1394339,2,0,0,0
0,1023,1640,1394348,2,0,0,0
0,1023,1640,1394357,2,0,0,0
0,1023,1640,1394366,2,0,0,0
0,1023,1640,1394375,2,0,0,0
0,1023,1650,1394384,2,0,0,0
0,1023,1650,1394393,2,0,0,0
0,1023,1650,1394402,2,0,0,0
0,1023,1650,1394411,2,0,0,0
0,1023,1640,1394420,2,0,0,0
0,1023,1650,1394429,2,0,0,0
0,1023,1650,1394438,2,0,0,0
0,1023,1650,1394447,2,0,0,0
0,1023,1650,1394456,2,0,0,0
0,1023,1650,1394465,2,0,0,0
0,1023,1650,1394474,2,0,0,0
0,1023,1650,1394483,2,0,0,0
0,1023,1650,1394492,2,0,0,0
0,1023,1650,1394501,2,0,0,0
0,1023,1640,1394510,2,0,0,0
0,1023,1640,1394519,2,0,0,0
0,1023,1650,1394528,2,0,0,0
0,1023,1650,1394537,2,0,0,0
0,1023,1650,1394546,2,0,0,0
0,1023,1650,1394555,2,0,0,0
0,1023,1640,1394564,2,0,0,0
0,1023,1650,1394573,2,0,0,0
0,1023,1650,1394582,2,0,0,0
0,1023,1650,1394591,2,0,0,0
0,1023,1650,1394600,2,0,0,0
0,1023,1650,1394609,2,0,0,0
0,1023,1660,1394618,2,0,0,0
0,1023,1650,1394627,2,0,0,0
0,1023,1650,1394636,2,0,0,0
0,1023,1650,1394645,2,0,0,0
0,1023,1650,1394654,2,0,0,0
0,1023,1650,1394663,2,0,0,0
0,1023,1650,1394672,2,0,0,0
0,1023,1640,1394681,2,0,0,0
0,1023,1640,1394691,2,0,0,0
0,1023,1640,1394700,2,0,0,0
0,1023,1640,1394709,2,0,0,0
0,1023,1640,1394718,2,0,0,0
0,1023,1640,1394727,2,0,0,0
0,1023,1640,1394736,2,0,0,0
0,1023,1660,1394745,2,0,0,0
0,1023,1650,1394754,2,0,0,0
0,1023,1650,1394763,2,0,0,0
0,1023,1650,1394772,2,0,0,0
0,1023,1660,1394781,2,0,0,0
0,1023,1660,1394790,2,0,0,0
0,1023,1650,1394799,2,0,0,0
0,1023,1650,1394808,2,0,0,0
0,1023,1650,1394817,2,0,0,0
0,1023,1650,1394826,2,0,0,0
0,1023,1630,1394835,2,0,0,0
0,1023,1630,1394844,2,0,0,0
0,1023,1640,1394853,2,0,0,0
0,1023,1640,1394862,2,0,0,0
0,1023,1650,1394871,2,0,0,0
0,1023,1660,1394880,2,0,0,0
0,1023,1650,1394889,2,0,0,0
0,1023,1650,1394898,2,0,0,0
0,1023,1650,1394907,2,0,0,0
0,1023,1650,1394916,2,0,0,0
0,1023,1650,1394925,2,0,0,0
0,1023,1650,1394934,2,0,0,0
0,1023,1650,1394943,2,0,0,0
0,1023,1640,1394952,2,0,0,0
0,1023,1640,1394961,2,0,0,0
0,1023,1640,1394970,2,0,0,0
0,1023,1640,1394979,2,0,0,0
0,1023,1640,1394988,2,0,0,0
0,1023,1660,1394997,2,0,0,0
0,1023,1660,1395006,2,0,0,0
0,1023,1660,1395015,2,0,0,0
0,1023,1650,1395024,2,0,0,0
0,1023,1650,1395033,2,0,1,1
0,1023,1650,1395042,2,0,0,0
0,1023,1650,1395051,2,0,0,0
0,1023,1660,1395060,2,0,0,0
0,1023,1650,1395069,2,0,0,0
0,1023,1650,1395078,2,0,0,0
0,1023,1650,1395087,2,0,0,0
0,1023,1650,1395096,2,0,0,0
0,1023,1650,1395105,2,0,0,0
0,1023,1660,1395114,2,0,0,0
0,1023,1650,1395123,2,0,0,0
0,1023,1660,1395132,2,0,0,0
0,1023,1660,1395141,2,0,0,0
0,1023,1660,1395150,2,0,0,0
0,1023,1660,1395159,2,0,0,0
0,1023,1650,1395168,2,0,0,0
0,1023,1650,1395177,2,0,0,0
0,1023,1640,1395186,2,0,0,0
0,1023,1640,1395195,2,0,0,0
0,1023,1640,1395204,2,0,0,0
0,1023,1640,1395213,2,1,0,1
0,1023,1640,1395222,2,0,0,0
0,1023,1640,1395231,2,0,0,0
0,1023,1640,1395240,2,0,0,0
0,1023,1640,1395249,2,0,0,0
0,1023,1640,1395258,2,1,0,1
0,1023,1640,1395267,2,0,0,0
0,1023,1650,1395276,2,0,0,0
0,1023,1650,1395285,2,0,0,0
0,1023,1650,1395294,2,0,0,0
0,1023,1660,1395303,2,0,0,0
0,1023,1650,1395312,2,0,0,0
0,1023,1650,1395321,2,0,0,0
0,1023,1640,1395330,2,0,0,0
0,1023,1640,1395339,2,0,0,0
0,1023,1640,1395348,2,0,0,0
0,1023,1640,1395357,2,0,0,0
0,1023,1650,1395366,2,0,0,0
0,1023,1660,1395375,2,0,0,0
0,1023,1660,1395384,2,0,0,0
0,1023,1650,1395393,2,0,0,0
0,1023,1640,1395402,2,0,0,0
0,1023,1660,1395411,2,0,0,0
0,1023,1660,1395420,2,0,0,0
0,1023,1660,1395429,2,0,0,0
0,1023,1660,1395438,2,0,0,0
0,1023,1640,1395447,2,0,0,0
0,1023,1640,1395456,2,0,0,0
0,1023,1660,1395465,2,0,0,0
0,1023,1660,1395474,2,0,0,0
0,1023,1650,1395483,2,0,0,0
0,1023,1650,1395492,2,0,0,0
0,1023,1670,1395501,2,0,0,0
0,1023,1670,1395510,2,0,0,0
0,1023,1650,1395519,2,0,0,0
0,1023,1650,1395528,2,0,0,0
0,1023,1650,1395537,2,0,0,0
0,1023,1650,1395546,2,1,0,1
0,1023,1650,1395555,2,0,0,0
0,1023,1650,1395564,2,0,0,0
0,1023,1650,1395573,2,0,0,0
0,1023,1640,1395582,2,1,0,1
0,1023,1650,1395591,2,0,0,0
0,1023,1650,1395600,2,0,0,0
0,1023,1660,1395609,2,0,0,0
0,1023,1660,1395618,2,0,0,0
0,1023,1660,1395627,2,0,0,0
0,1023,1660,1395636,2,0,0,0
0,1023,1660,1395645,2,0,0,0
0,1023,1660,1395654,2,0,0,0
0,1023,1660,1395663,2,0,0,0
0,1023,1660,1395672,2,0,0,0
0,1023,1660,1395681,2,0,0,0
0,1023,1660,1395690,2,0,0,0
0,1023,1650,1395699,2,0,0,0
0,1023,1650,1395708,2,0,0,0
0,1023,1650,1395717,2,0,0,0
0,1023,1650,1395726,2,0,0,0
0,1023,1660,1395735,2,0,0,0
0,1023,1660,1395744,2,0,0,0
0,1023,1660,1395753,2,0,0,0
0,1023,1650,1395762,2,0,0,0
0,1023,1650,1395771,2,0,0,0
0,1023,1650,1395780,2,0,0,0
0,1023,1650,1395789,2,0,0,0
0,1023,1660,1395798,2,0,0,0
0,1023,1660,1395807,2,0,0,0
0,1023,1660,1395816,2,0,0,0
0,1023,1650,1395825,2,0,0,0
0,1023,1670,1395834,2,0,0,0
0,1023,1670,1395843,2,0,0,0
0,1023,1670,1395852,2,0,0,0
0,1023,1670,1395861,2,0,0,0
0,1023,1670,1395870,2,0,0,0
0,1023,1650,1395879,2,0,0,0
0,1023,1650,1395888,2,0,0,0
0,1023,1650,1395897,2,0,0,0
0,1023,1650,1395906,2,0,0,0
0,1023,1640,1395915,2,0,0,0
0,1023,1650,1395924,2,0,0,0
0,1023,1650,1395933,2,0,0,0
0,1023,1650,1395942,2,0,0,0
0,1023,1650,1395951,2,0,0,0
0,1023,1650,1395960,2,0,0,0
0,1023,1650,1395969,2,0,0,0
0,1023,1650,1395979,2,0,0,0
0,1023,1660,1395988,2,0,0,0
0,1023,1650,1395997,2,0,0,0
0,1023,1670,1396006,2,0,0,0
0,1023,1670,1396015,2,0,0,0
0,1023,1650,1396024,2,0,0,0
0,1023,1660,1396033,2,0,0,0
0,1023,1660,1396042,2,0,0,0
0,1023,1660,1396051,2,0,0,0
0,1023,1660,1396060,2,0,0,0
0,1023,1660,1396069,2,0,0,0
0,1023,1660,1396078,2,0,0,0
0,1023,1660,1396087,2,0,0,0
0,1023,1660,1396096,2,0,0,0
0,1023,1660,1396105,2,0,0,0
0,1023,1670,1396114,2,0,0,0
0,1023,1670,1396123,2,0,0,0
0,1023,1670,1396132,2,0,0,0
0,1023,1660,1396141,2,0,1,1
0,1023,1660,1396150,2,0,0,0
0,1023,1660,1396159,2,0,0,0
0,1023,1650,1396168,2,0,0,0
0,1023,1650,1396177,2,0,0,0
0,1023,1650,1396186,2,0,0,0
0,1023,1650,1396195,2,0,0,0
0,1023,1650,1396204,2,0,0,0
0,1023,1670,1396213,2,0,0,0
0,1023,1670,1396222,2,0,0,0
0,1023,1670,1396231,2,0,0,0
0,1023,1670,1396240,2,0,0,0
0,1023,1670,1396249,2,0,0,0
0,1023,1670,1396258,2,0,0,0
0,1023,1670,1396267,2,0,0,0
0,1023,1670,1396276,2,0,0,0
0,1023,1670,1396285,2,0,0,0
0,1023,1670,1396294,2,0,0,0
0,1023,1660,1396303,2,0,0,0
0,1023,1660,1396312,2,0,0,0
0,1023,1660,1396321,2,0,0,0
0,1023,1660,1396330,2,0,0,0
0,1023,1660,1396339,2,0,0,0
0,1023,1660,1396348,2,0,0,0
0,1023,1660,1396357,2,0,0,0
0,1023,1660,1396366,2,0,0,0
0,1023,1660,1396375,2,0,0,0
0,1023,1660,1396384,2,0,0,0
0,1023,1660,1396393,2,0,0,0
0,1023,1660,1396402,2,0,0,0
0,1023,1660,1396411,2,0,0,0
0,1023,1660,1396420,2,0,0,0
0,1023,1650,1396429,2,0,0,0
0,1023,1670,1396438,2,0,0,0
0,1023,1670,1396447,2,0,0,0
0,1023,1660,1396456,2,0,0,0
0,1023,1660,1396465,2,0,0,0
0,1023,1660,1396474,2,0,0,0
0,1023,1660,1396483,2,0,0,0
0,1023,1660,1396492,2,0,0,0
0,1023,1660,1396501,2,0,0,0
0,1023,1660,1396510,2,0,0,0
0,1023,1660,1396519,2,0,0,0
0,1023,1660,1396528,2,0,0,0
0,1023,1650,1396537,2,0,0,0
0,1023,1660,1396546,2,0,0,0
0,1023,1660,1396555,2,0,0,0
0,1023,1650,1396564,2,0,0,0
0,1023,1660,1396573,2,0,0,0
0,1023,1660,1396582,2,0,0,0
0,1023,1660,1396591,2,0,0,0
0,1023,1660,1396600,2,0,0,0
0,1023,1640,1396609,2,0,0,0
0,1023,1640,1396618,2,0,0,0
0,1023,1660,1396627,2,0,0,0
0,1023,1650,1396636,2,0,0,0
0,1023,1650,1396645,2,0,0,0
0,1023,1650,1396654,2,0,0,0
0,1023,1660,1396663,2,0,0,0
0,1023,1660,1396672,2,0,0,0
0,1023,1660,1396681,2,0,0,0
0,1023,1660,1396690,2,0,0,0
0,1023,1660,1396699,2,0,0,0
0,1023,1670,1396708,2,0,0,0
0,1023,1670,1396717,2,0,0,0
0,1023,1670,1396726,2,0,0,0
0,1023,1670,1396735,2,0,0,0
0,1023,1650,1396744,2,0,0,0
0,1023,1650,1396753,2,0,0,0
0,1023,1640,1396762,2,0,0,0
0,1023,1640,1396771,2,0,0,0
0,1023,1640,1396780,2,0,0,0
0,1023,1640,1396789,2,0,0,0
0,1023,1660,1396798,2,0,0,0
0,1023,1660,1396807,2,0,0,0
0,1023,1660,1396816,2,0,0,0
0,1023,1670,1396825,2,0,0,0
0,1023,1670,1396834,2,0,0,0
0,1023,1670,1396843,2,0,0,0
0,1023,1670,1396852,2,0,0,0
0,1023,1670,1396861,2,0,0,0
0,1023,1670,1396870,2,0,0,0
0,1023,1670,1396879,2,0,0,0
0,1023,1670,1396888,2,0,0,0
0,1023,1660,1396897,2,0,0,0
0,1023,1660,1396906,2,0,0,0
0,1023,1640,1396915,2,0,0,0
0,1023,1640,1396924,2,0,0,0
0,1023,1640,1396933,2,0,0,0
0,1023,1660,1396942,2,0,0,0
0,1023,1660,1396951,2,0,0,0
0,1023,1660,1396960,2,0,0,0
0,1023,1650,1396969,2,0,0,0
0,1023,1650,1396978,2,0,0,0
0,1023,1650,1396987,2,0,0,0
0,1023,1650,1396996,2,0,0,0
0,1023,1660,1397005,2,0,0,0
0,1023,1660,1397014,2,0,0,0
0,1023,1660,1397023,2,0,0,0
0,1023,1660,1397032,2,0,0,0
0,1023,1660,1397041,2,0,0,0
0,1023,1660,1397050,2,0,0,0
0,1023,1660,1397059,2,0,0,0
0,1023,1660,1397068,2,0,0,0
0,1023,1660,1397077,2,0,0,0
0,1023,1660,1397086,2,0,0,0
0,1023,1660,1397095,2,0,0,0
0,1023,1660,1397104,2,0,0,0
0,1023,1670,1397113,2,0,0,0
0,1023,1670,1397122,2,0,0,0
0,1023,1670,1397131,2,0,0,0
0,1023,1670,1397140,2,0,0,0
0,1023,1650,1397149,2,0,0,0
0,1023,1660,1397158,2,0,0,0
0,1023,1640,1397167,2,0,0,0
0,1023,1640,1397176,2,0,0,0
0,1023,1660,1397185,2,0,0,0
0,1023,1660,1397194,2,0,0,0
0,1023,1660,1397203,2,0,0,0
0,1023,1660,1397212,2,0,0,0
0,1023,1660,1397221,2,0,0,0
0,1023,1660,1397230,2,0,0,0
0,1023,1660,1397239,2,0,0,0
0,1023,1660,1397248,2,0,0,0
0,1023,1660,1397257,2,0,0,0
0,1023,1660,1397267,2,0,0,0
0,1023,1660,1397276,2,0,0,0
0,1023,1660,1397285,2,0,0,0
0,1023,1660,1397294,2,0,0,0
0,1023,1670,1397303,2,0,0,0
0,1023,1670,1397312,2,0,0,0
0,1023,1670,1397321,2,0,0,0
0,1023,1690,1397330,2,0,0,0
0,1023,1670,1397339,2,0,0,0
0,1023,1670,1397348,2,0,0,0
0,1023,1660,1397357,2,0,0,0
0,1023,1660,1397366,2,0,0,0
0,1023,1660,1397375,2,0,0,0
0,1023,1660,1397384,2,0,0,0
0,1023,1660,1397393,2,0,0,0
0,1023,1660,1397402,2,0,0,0
0,1023,1660,1397411,2,0,0,0
0,1023,1660,1397420,2,0,0,0
0,1023,1660,1397429,2,0,0,0
0,1023,1660,1397438,2,0,0,0
0,1023,1670,1397447,2,0,0,0
0,1023,1670,1397456,2,0,0,0
0,1023,1670,1397465,2,0,0,0
0,1023,1660,1397474,2,0,0,0
0,1023,1660,1397483,2,0,0,0
0,1023,1660,1397492,2,0,0,0
0,1023,1660,1397501,2,0,0,0
0,1023,1650,1397510,2,0,0,0
0,1023,1650,1397519,2,0,0,0
0,1023,1650,1397528,2,0,0,0
0,1023,1650,1397537,2,0,1,1
0,1023,1640,1397546,2,0,0,0
0,1023,1650,1397555,2,0,0,0
0,1023,1650,1397564,2,0,0,0
0,1023,1640,1397573,2,0,0,0
0,1023,1650,1397582,2,0,0,0
0,1023,1660,1397591,2,0,0,0
0,1023,1660,1397600,2,0,0,0
0,1023,1670,1397609,2,0,0,0
0,1023,1670,1397618,2,0,0,0
0,1023,1670,1397627,2,0,0,0
0,1023,1680,1397636,2,0,0,0
0,1023,1670,1397645,2,0,0,0
0,1023,1660,1397654,2,0,0,0
0,1023,1660,1397663,2,0,0,0
0,1023,1660,1397672,2,0,0,0
0,1023,1660,1397681,2,0,0,0
0,1023,1660,1397690,2,0,0,0
0,1023,1660,1397699,2,0,0,0
0,1023,1660,1397708,2,0,0,0
0,1023,1660,1397717,2,0,0,0
0,1023,1660,1397726,2,0,0,0
0,1023,1660,1397735,2,0,0,0
0,1023,1660,1397744,2,0,0,0
0,1023,1670,1397753,2,0,0,0
0,1023,1660,1397762,2,0,0,0
0,1023,1660,1397771,2,0,0,0
0,1023,1660,1397780,2,0,0,0
0,1023,1660,1397789,2,0,0,0
0,1023,1660,1397798,2,0,0,0
0,1023,1660,1397807,2,0,0,0
0,1023,1660,1397816,2,0,0,0
0,1023,1670,1397825,2,0,0,0
0,1023,1670,1397834,2,0,0,0
0,1023,1670,1397843,2,0,0,0
0,1023,1670,1397852,2,0,0,0
0,1023,1670,1397861,2,0,0,0
0,1023,1670,1397870,2,0,0,0
0,1023,1670,1397879,2,0,0,0
0,1023,1670,1397888,2,0,0,0
0,1023,1670,1397897,2,0,0,0
0,1023,1670,1397906,2,0,0,0
0,1023,1670,1397915,2,0,0,0
0,1023,1670,1397924,2,0,0,0
0,1023,1660,1397933,2,0,0,0
0,1023,1660,1397942,2,0,0,0
0,1023,1660,1397951,2,0,0,0
0,1023,1660,1397960,2,0,0,0
0,1023,1670,1397969,2,0,0,0
0,1023,1670,1397978,2,0,0,0
0,1023,1670,1397987,2,0,0,0
0,1023,1690,1397996,2,0,0,0
0,1023,1690,1398005,2,0,0,0
0,1023,1670,1398014,2,0,0,0
0,1023,1670,1398023,2,0,0,0
0,1023,1670,1398032,2,0,0,0
0,1023,1670,1398041,2,0,0,0
0,1023,1690,1398050,2,0,0,0
0,1023,1690,1398059,2,0,0,0
0,1023,1690,1398068,2,0,0,0
0,1023,1690,1398077,2,1,0,1
0,1023,1670,1398086,2,0,0,0
0,1023,1670,1398095,2,0,0,0
0,1023,1670,1398104,2,0,0,0
0,1023,1650,1398113,2,0,0,0
0,1023,1650,1398122,2,0,0,0
0,1023,1660,1398131,2,0,0,0
0,1023,1670,1398140,2,0,0,0
0,1023,1670,1398149,2,0,0,0
0,1023,1670,1398158,2,0,0,0
0,1023,1670,1398167,2,0,0,0
0,1023,1650,1398176,2,0,0,0
0,1023,1650,1398185,2,0,0,0
0,1023,1650,1398194,2,0,0,0
0,1023,1650,1398203,2,0,0,0
0,1023,1650,1398212,2,0,0,0
0,1023,1660,1398221,2,0,0,0
0,1023,1660,1398230,2,0,0,0
0,1023,1660,1398239,2,0,0,0
0,1023,1660,1398248,2,0,0,0
0,1023,1660,1398257,2,0,0,0
0,1023,1660,1398266,2,0,0,0
0,1023,1660,1398275,2,0,0,0
0,1023,1660,1398284,2,0,0,0
0,1023,1660,1398293,2,0,0,0
0,1023,1660,1398302,2,0,0,0
0,1023,1660,1398311,2,0,0,0
0,1023,1660,1398320,2,1,0,1
0,1023,1660,1398329,2,0,0,0
0,1023,1660,1398338,2,0,0,0
0,1023,1660,1398347,2,0,0,0
0,1023,1660,1398356,2,0,0,0
0,1023,1660,1398365,2,0,0,0
0,1023,1660,1398374,2,0,0,0
0,1023,1660,1398383,2,0,0,0
0,1023,1660,1398392,2,0,0,0
0,1023,1660,1398401,2,0,0,0
0,1023,1670,1398410,2,0,0,0
0,1023,1670,1398419,2,0,0,0
0,1023,1670,1398428,2,0,0,0
0,1023,1670,1398437,2,0,1,1
0,1023,1670,1398446,2,0,0,0
0,1023,1670,1398455,2,0,0,0
0,1023,1670,1398464,2,0,0,0
0,1023,1660,1398473,2,0,0,0
0,1023,1660,1398482,2,0,0,0
0,1023,1660,1398491,2,0,0,0
0,1023,1670,1398500,2,0,0,0
0,1023,1670,1398509,2,0,0,0
0,1023,1670,1398518,2,0,0,0
0,1023,1680,1398527,2,1,1,0
0,1023,1680,1398536,2,0,0,0
0,1023,1680,1398545,2,0,0,0
0,1023,1660,1398555,2,0,0,0
0,1023,1660,1398564,2,0,1,1
0,1023,1660,1398573,2,0,0,0
0,1023,1660,1398582,2,1,0,1
0,1023,1660,1398591,2,0,1,1
0,1023,1660,1398600,2,0,1,1
0,1023,1660,1398609,2,1,0,1
0,1012,1670,1398618,2,0,1,1
0,1002,1670,1398627,2,1,0,1
0,990,1670,1398636,2,0,1,1
0,963,1670,1398645,2,1,0,1
0,943,1670,1398654,2,0,0,0
0,905,1670,1398663,2,0,0,0
0,840,1670,1398672,2,1,1,0
0,755,1670,1398681,2,0,0,0
0,662,1670,1398690,2,1,0,1
0,458,1670,1398699,2,0,0,0
0,110,1670,1398708,2,1,0,1
12,0,1680,1398717,2,0,0,0
52,0,1700,1398726,2,1,2,2
120,0,1710,1398735,2,1,2,2
200,0,1750,1398744,2,2,0,1
292,0,1770,1398753,2,2,3,2
361,0,1800,1398762,2,1,0,1
441,0,1740,1398771,2,4,1,2
521,0,1680,1398780,2,0,1,1
589,0,1640,1398789,2,4,1,2
686,0,1590,1398798,2,0,1,1
750,0,1600,1398807,2,0,1,1
818,0,1620,1398816,2,4,1,2
874,0,1640,1398825,2,0,1,1
926,0,1670,1398834,2,4,3,1
954,0,1650,1398843,2,1,4,2
966,0,1680,1398852,2,5,0,2
978,0,1710,1398861,2,1,2,2
994,0,1710,1398888,2,0,0,0
